"allele","seq_num","full_peptide","peptide","score","protein","predictor","file"
"HLA-DRB1*07:01+HLA-DRB3*01:01+DRB3_0101","1+P9WNK7","AAASAIQGNVTSIHS","AIQGNVTSI","I_HLA-DRB1*07:01_785.6","esxa","I+N","dataii_mtb_esxa/esxa_iedbii.csv"
"HLA-DRB1*03:01+HLA-DRB1*15:01+HLA-DRB3*01:01+HLA-DRB4*01:01+HLA-DRB5*01:01+DRB1_0301+DRB1_0701+DRB1_1501+DRB3_0101+DRB3_0202+DRB4_0101+DRB5_0101","1+P9WNK7","AAASAIQGNVTSIHS","IQGNVTSIH","I_HLA-DRB1*03:01_1838.8+I_HLA-DRB1*15:01_2680.6+I_HLA-DRB5*01:01_5845+I_HLA-DRB4*01:01_2909.4+I_HLA-DRB3*01:01_3905.4+N_DRB1_0301_2475.25+N_DRB1_0701_1622.84+N_DRB1_1501_3121.14+N_DRB3_0101_3970+N_DRB3_0202_543.11+N_DRB4_0101_1628.15+N_DRB5_0101_4288.16","esxa","I+N","dataii_mtb_esxa/esxa_iedbii.csv"
"HLA-DRB1*03:01+HLA-DRB5*01:01+HLA-DRB1*15:01+HLA-DRB1*07:01+HLA-DRB3*01:01+DRB1_0301+DRB1_0701+DRB1_1501+DRB3_0101+DRB3_0202+DRB4_0101+DRB5_0101","1+P9WNK7","AAAWGGSGSEAYQGV","WGGSGSEAY","I_HLA-DRB1*03:01_21992.1+I_HLA-DRB5*01:01_5371.2+I_HLA-DRB1*15:01_13200+I_HLA-DRB1*07:01_6673.9+I_HLA-DRB3*01:01_16953+N_DRB1_0301_19936.84+N_DRB1_0701_3929.66+N_DRB1_1501_16136.01+N_DRB3_0101_9792.03+N_DRB3_0202_15886.89+N_DRB4_0101_17595.13+N_DRB5_0101_11824.7","esxa","I+N","dataii_mtb_esxa/esxa_iedbii.csv"
"HLA-DRB1*03:01+HLA-DRB1*15:01+HLA-DRB3*01:01+HLA-DRB4*01:01+HLA-DRB5*01:01+DRB1_0301+DRB1_0701+DRB1_1501+DRB3_0101+DRB3_0202+DRB4_0101+DRB5_0101","1+P9WNK7","AASAIQGNVTSIHSL","IQGNVTSIH","I_HLA-DRB1*03:01_810.7+I_HLA-DRB1*15:01_1978.1+I_HLA-DRB3*01:01_2958.9+I_HLA-DRB5*01:01_4556.8+I_HLA-DRB4*01:01_1606+N_DRB1_0301_1582.28+N_DRB1_0701_1005.12+N_DRB1_1501_2116.1+N_DRB3_0101_2715.52+N_DRB3_0202_287.4+N_DRB4_0101_1100.23+N_DRB5_0101_3035.85","esxa","I+N","dataii_mtb_esxa/esxa_iedbii.csv"
"HLA-DRB1*03:01+HLA-DRB5*01:01+HLA-DRB1*15:01+HLA-DRB1*07:01+HLA-DRB3*01:01+DRB1_0301+DRB1_0701+DRB1_1501+DRB3_0101+DRB3_0202+DRB4_0101+DRB5_0101","1+P9WNK7","AAWGGSGSEAYQGVQ","WGGSGSEAY","I_HLA-DRB1*03:01_26051.6+I_HLA-DRB5*01:01_7316.2+I_HLA-DRB1*15:01_16865.6+I_HLA-DRB3*01:01_22004.2+I_HLA-DRB1*07:01_8033.1+N_DRB1_0301_21191.34+N_DRB1_0701_4713+N_DRB1_1501_17772.69+N_DRB3_0101_11038.48+N_DRB3_0202_17818.13+N_DRB4_0101_18511.24+N_DRB5_0101_13466.29","esxa","I+N","dataii_mtb_esxa/esxa_iedbii.csv"
"HLA-DRB4*01:01+HLA-DRB1*07:01+HLA-DRB5*01:01+HLA-DRB1*15:01+HLA-DRB1*03:01+DRB1_0301+DRB1_0701+DRB1_1501+DRB3_0101+DRB3_0202+DRB4_0101+DRB5_0101","1+P9WNK7","AGIEAAASAIQGNVT","IEAAASAIQ","I_HLA-DRB4*01:01_1997.1+I_HLA-DRB1*07:01_1114.2+I_HLA-DRB5*01:01_4878.7+I_HLA-DRB1*15:01_5755.9+I_HLA-DRB1*03:01_6241+N_DRB1_0301_9569.88+N_DRB1_0701_923.95+N_DRB1_1501_3537.45+N_DRB3_0101_10769.5+N_DRB3_0202_7307.13+N_DRB4_0101_2479.97+N_DRB5_0101_2381.85","esxa","I+N","dataii_mtb_esxa/esxa_iedbii.csv"
"HLA-DRB1*03:01+HLA-DRB1*07:01+DRB1_0301+DRB1_0701+DRB3_0101","1+P9WNK7","AGQAMASTEGNVTGM","AMASTEGNV","I_HLA-DRB1*03:01_35858.7","esxa","I+N","dataii_mtb_esxa/esxa_iedbii.csv"
"HLA-DRB5*01:01+HLA-DRB1*15:01+HLA-DRB1*07:01+HLA-DRB3*01:01+DRB1_0301+DRB1_0701+DRB1_1501+DRB3_0101+DRB3_0202+DRB4_0101+DRB5_0101","1+P9WNK7","AGQAMASTEGNVTGM","MASTEGNVT","I_HLA-DRB5*01:01_26080.3+I_HLA-DRB1*15:01_10598.4+I_HLA-DRB1*07:01_2776.2+I_HLA-DRB3*01:01_19371.6+N_DRB1_0301_15086.62+N_DRB1_0701_2571.01+N_DRB1_1501_10479.49+N_DRB3_0101_13599.24+N_DRB3_0202_10869.83+N_DRB4_0101_8894.23+N_DRB5_0101_10911.78","esxa","I+N","dataii_mtb_esxa/esxa_iedbii.csv"
"HLA-DRB5*01:01+HLA-DRB3*01:01+HLA-DRB4*01:01+DRB3_0202","1+P9WNK7","AGQAMASTEGNVTGM","QAMASTEGN","I_HLA-DRB4*01:01_7474","esxa","I+N","dataii_mtb_esxa/esxa_iedbii.csv"
"HLA-DRB1*03:01+HLA-DRB1*15:01+HLA-DRB3*01:01+HLA-DRB4*01:01+HLA-DRB5*01:01+DRB1_0301+DRB1_0701+DRB1_1501+DRB3_0101+DRB3_0202+DRB4_0101+DRB5_0101","1+P9WNK7","AIQGNVTSIHSLLDE","IQGNVTSIH","I_HLA-DRB1*03:01_1089.3+I_HLA-DRB1*15:01_1098.3+I_HLA-DRB4*01:01_756.4+I_HLA-DRB3*01:01_3564.8+N_DRB1_0301_1907.76+N_DRB3_0101_3352.79+N_DRB3_0202_430.97","esxa","I+N","dataii_mtb_esxa/esxa_iedbii.csv"
"HLA-DRB1*07:01+HLA-DRB1*03:01+HLA-DRB5*01:01+DRB1_0301+DRB1_0701+DRB1_1501+DRB3_0101+DRB3_0202+DRB4_0101+DRB5_0101","1+P9WNK7","AIQGNVTSIHSLLDE","VTSIHSLLD","I_HLA-DRB1*07:01_31.7+I_HLA-DRB5*01:01_373.5+N_DRB1_0701_541.75+N_DRB1_1501_1024.9+N_DRB4_0101_558.31+N_DRB5_0101_2433.82","esxa","I+N","dataii_mtb_esxa/esxa_iedbii.csv"
"HLA-DRB1*03:01+HLA-DRB5*01:01+HLA-DRB1*07:01+HLA-DRB3*01:01+HLA-DRB1*15:01+DRB1_0301+DRB1_0701+DRB1_1501+DRB3_0101+DRB3_0202","1+P9WNK7","ALQNLARTISEAGQA","ALQNLARTI","I_HLA-DRB5*01:01_15274.4+I_HLA-DRB3*01:01_18103.8","esxa","I+N","dataii_mtb_esxa/esxa_iedbii.csv"
"HLA-DRB1*03:01+HLA-DRB1*07:01+HLA-DRB1*15:01+DRB1_0301+DRB1_0701+DRB1_1501+DRB3_0101+DRB3_0202+DRB4_0101+DRB5_0101","1+P9WNK7","ALQNLARTISEAGQA","LARTISEAG","I_HLA-DRB1*03:01_15158.1+I_HLA-DRB1*15:01_8819.4+I_HLA-DRB1*07:01_990.9+N_DRB1_0301_4590.7+N_DRB1_0701_871.29+N_DRB1_1501_2395.47+N_DRB3_0101_8973.1+N_DRB3_0202_2538.83+N_DRB4_0101_495.21","esxa","I+N","dataii_mtb_esxa/esxa_iedbii.csv"
"HLA-DRB4*01:01+DRB1_0301+DRB1_1501+DRB4_0101+DRB5_0101","1+P9WNK7","ALQNLARTISEAGQA","LQNLARTIS","I_HLA-DRB4*01:01_525.2+N_DRB5_0101_1845.28","esxa","I+N","dataii_mtb_esxa/esxa_iedbii.csv"
"HLA-DRB1*03:01+HLA-DRB4*01:01+HLA-DRB5*01:01+HLA-DRB1*15:01+HLA-DRB1*07:01+DRB1_0301+DRB1_0701+DRB1_1501+DRB3_0101+DRB3_0202+DRB4_0101+DRB5_0101","1+P9WNK7","ARTISEAGQAMASTE","ISEAGQAMA","I_HLA-DRB1*03:01_3704.2+I_HLA-DRB4*01:01_693+I_HLA-DRB5*01:01_9221.4+I_HLA-DRB1*15:01_5210.4+I_HLA-DRB1*07:01_2768.1+N_DRB1_0301_5303.8+N_DRB1_0701_2577.44+N_DRB1_1501_4974.56+N_DRB3_0202_9823.87+N_DRB4_0101_2408.41+N_DRB5_0101_4226.98","esxa","I+N","dataii_mtb_esxa/esxa_iedbii.csv"
"HLA-DRB5*01:01+HLA-DRB4*01:01+HLA-DRB3*01:01+DRB1_0301+DRB3_0101+DRB3_0202","1+P9WNK7","ARTISEAGQAMASTE","TISEAGQAM","I_HLA-DRB3*01:01_19629.9+N_DRB3_0101_7594.41","esxa","I+N","dataii_mtb_esxa/esxa_iedbii.csv"
"HLA-DRB1*03:01+HLA-DRB1*15:01+HLA-DRB3*01:01+HLA-DRB4*01:01+HLA-DRB5*01:01+DRB1_0301+DRB1_0701+DRB1_1501+DRB3_0101+DRB3_0202+DRB4_0101+DRB5_0101","1+P9WNK7","ASAIQGNVTSIHSLL","IQGNVTSIH","I_HLA-DRB1*03:01_390.9+I_HLA-DRB1*15:01_894.2+I_HLA-DRB3*01:01_2242.8+I_HLA-DRB5*01:01_3264.4+I_HLA-DRB4*01:01_1166.2+N_DRB1_0301_1236.23+N_DRB1_0701_534.77+N_DRB1_1501_1294.39+N_DRB3_0101_2192.45+N_DRB3_0202_214.43+N_DRB4_0101_762.18+N_DRB5_0101_2143.55","esxa","I+N","dataii_mtb_esxa/esxa_iedbii.csv"
"HLA-DRB3*01:01+HLA-DRB4*01:01+DRB3_0101","1+P9WNK7","ATATELNNALQNLAR","ELNNALQNL","I_HLA-DRB3*01:01_16540.4+N_DRB3_0101_6153.9","esxa","I+N","dataii_mtb_esxa/esxa_iedbii.csv"
"HLA-DRB1*03:01+HLA-DRB5*01:01+HLA-DRB4*01:01+HLA-DRB1*15:01+HLA-DRB1*07:01+DRB1_0301+DRB1_0701+DRB1_1501+DRB4_0101+DRB5_0101","1+P9WNK7","ATATELNNALQNLAR","LNNALQNLA","I_HLA-DRB1*03:01_4035.3+I_HLA-DRB5*01:01_3118.3+I_HLA-DRB4*01:01_387.6+I_HLA-DRB1*15:01_9146.2+I_HLA-DRB1*07:01_5183.8+N_DRB1_0301_6296.49+N_DRB1_0701_3523.09+N_DRB1_1501_4418.05+N_DRB4_0101_1708.59+N_DRB5_0101_4988.25","esxa","I+N","dataii_mtb_esxa/esxa_iedbii.csv"
"HLA-DRB1*03:01+HLA-DRB5*01:01+HLA-DRB1*07:01+HLA-DRB3*01:01+HLA-DRB1*15:01+DRB1_0301+DRB1_0701+DRB1_1501+DRB3_0101+DRB3_0202","1+P9WNK7","ATELNNALQNLARTI","ALQNLARTI","I_HLA-DRB1*07:01_323.3+I_HLA-DRB3*01:01_8789.2+N_DRB1_0701_1131.02+N_DRB3_0101_4824.18+N_DRB3_0202_726.3","esxa","I+N","dataii_mtb_esxa/esxa_iedbii.csv"
"HLA-DRB1*03:01+HLA-DRB5*01:01+HLA-DRB4*01:01+HLA-DRB1*15:01+HLA-DRB1*07:01+DRB1_0301+DRB1_0701+DRB1_1501+DRB4_0101+DRB5_0101","1+P9WNK7","ATELNNALQNLARTI","LNNALQNLA","I_HLA-DRB1*03:01_2385+I_HLA-DRB4*01:01_234.4+I_HLA-DRB5*01:01_2592+I_HLA-DRB1*15:01_6270.3+N_DRB1_0301_4457.52+N_DRB1_1501_2107.55+N_DRB4_0101_686.38","esxa","I+N","dataii_mtb_esxa/esxa_iedbii.csv"
"HLA-DRB1*03:01+HLA-DRB5*01:01+HLA-DRB1*15:01+HLA-DRB1*07:01+HLA-DRB3*01:01+DRB1_0301+DRB1_0701+DRB1_1501+DRB3_0101+DRB3_0202+DRB4_0101+DRB5_0101","1+P9WNK7","AWGGSGSEAYQGVQQ","WGGSGSEAY","I_HLA-DRB1*03:01_29860.5+I_HLA-DRB5*01:01_9784.1+I_HLA-DRB1*15:01_15895.5+I_HLA-DRB3*01:01_25563.5+I_HLA-DRB1*07:01_8156.3+N_DRB1_0301_22265.51+N_DRB1_0701_5961.74+N_DRB3_0101_13142+N_DRB3_0202_20654.62+N_DRB5_0101_14494.74","esxa","I+N","dataii_mtb_esxa/esxa_iedbii.csv"
"HLA-DRB4*01:01+HLA-DRB1*03:01+HLA-DRB3*01:01+HLA-DRB1*15:01+HLA-DRB1*07:01+DRB3_0101+DRB3_0202","1+P9WNK7","AYQGVQQKWDATATE","AYQGVQQKW","I_HLA-DRB4*01:01_563.9","esxa","I+N","dataii_mtb_esxa/esxa_iedbii.csv"
"HLA-DRB4*01:01+DRB1_0301+DRB4_0101","1+P9WNK7","AYQGVQQKWDATATE","QGVQQKWDA","N_DRB4_0101_3319.66","esxa","I+N","dataii_mtb_esxa/esxa_netmhciipan.csv"
"HLA-DRB1*03:01+HLA-DRB3*01:01+DRB1_0301+DRB3_0101+DRB3_0202","1+P9WNK7","AYQGVQQKWDATATE","QKWDATATE","I_HLA-DRB1*03:01_21670.4+I_HLA-DRB3*01:01_7651.5+N_DRB1_0301_10578.94+N_DRB3_0101_7868.17","esxa","I+N","dataii_mtb_esxa/esxa_iedbii.csv"
"HLA-DRB1*03:01+HLA-DRB3*01:01+HLA-DRB1*15:01+DRB1_0301+DRB1_1501+DRB3_0202+DRB4_0101+DRB5_0101","1+P9WNK7","AYQGVQQKWDATATE","VQQKWDATA","I_HLA-DRB1*15:01_7856+N_DRB1_1501_6609+N_DRB3_0202_14176.47","esxa","I+N","dataii_mtb_esxa/esxa_iedbii.csv"
"HLA-DRB5*01:01+HLA-DRB4*01:01+HLA-DRB1*07:01+HLA-DRB1*15:01+HLA-DRB3*01:01+DRB1_0701+DRB1_1501+DRB3_0101+DRB3_0202+DRB5_0101","1+P9WNK7","AYQGVQQKWDATATE","YQGVQQKWD","I_HLA-DRB5*01:01_4846+I_HLA-DRB1*07:01_7104.2+N_DRB1_0701_7762.98+N_DRB5_0101_5875.11","esxa","I+N","dataii_mtb_esxa/esxa_iedbii.csv"
"HLA-DRB3*01:01+HLA-DRB4*01:01+DRB3_0101","1+P9WNK7","DATATELNNALQNLA","ELNNALQNL","I_HLA-DRB3*01:01_17587.1+N_DRB3_0101_6686.46","esxa","I+N","dataii_mtb_esxa/esxa_iedbii.csv"
"HLA-DRB1*03:01+HLA-DRB5*01:01+HLA-DRB4*01:01+HLA-DRB1*15:01+HLA-DRB1*07:01+DRB1_0301+DRB1_0701+DRB1_1501+DRB4_0101+DRB5_0101","1+P9WNK7","DATATELNNALQNLA","LNNALQNLA","I_HLA-DRB1*03:01_5765.6+I_HLA-DRB4*01:01_589.5+I_HLA-DRB1*15:01_12127.5+I_HLA-DRB1*07:01_4678+N_DRB1_0701_4780.23+N_DRB1_1501_7539.31+N_DRB4_0101_3367.37+N_DRB5_0101_10171.94","esxa","I+N","dataii_mtb_esxa/esxa_iedbii.csv"
"HLA-DRB5*01:01+HLA-DRB3*01:01+HLA-DRB1*03:01+HLA-DRB1*15:01+DRB1_0301+DRB1_1501+DRB4_0101","1+P9WNK7","DATATELNNALQNLA","TATELNNAL","I_HLA-DRB5*01:01_4906.4","esxa","I+N","dataii_mtb_esxa/esxa_iedbii.csv"
"HLA-DRB1*07:01+HLA-DRB1*03:01+HLA-DRB3*01:01+DRB1_0701+DRB3_0101","1+P9WNK7","DEGKQSLTKLAAAWG","GKQSLTKLA","I_HLA-DRB1*07:01_7501.1+I_HLA-DRB1*03:01_24431.5","esxa","I+N","dataii_mtb_esxa/esxa_iedbii.csv"
"HLA-DRB4*01:01+HLA-DRB1*15:01+DRB1_0301+DRB1_1501+DRB3_0202+DRB4_0101+DRB5_0101","1+P9WNK7","DEGKQSLTKLAAAWG","KQSLTKLAA","I_HLA-DRB4*01:01_1291.2+N_DRB1_0301_9552.5+N_DRB4_0101_1041.73+N_DRB5_0101_922.31","esxa","I+N","dataii_mtb_esxa/esxa_iedbii.csv"
"HLA-DRB1*15:01+HLA-DRB4*01:01+DRB1_0301+DRB1_0701+DRB1_1501+DRB3_0101+DRB3_0202+DRB4_0101+DRB5_0101","1+P9WNK7","DEGKQSLTKLAAAWG","LTKLAAAWG","I_HLA-DRB1*15:01_1697.7+N_DRB1_0701_1427.66+N_DRB1_1501_2000.37+N_DRB3_0101_14492.7","esxa","I+N","dataii_mtb_esxa/esxa_iedbii.csv"
"HLA-DRB1*07:01+HLA-DRB3*01:01+DRB3_0101","1+P9WNK7","EAAASAIQGNVTSIH","AIQGNVTSI","I_HLA-DRB1*07:01_690.5","esxa","I+N","dataii_mtb_esxa/esxa_iedbii.csv"
"HLA-DRB1*03:01+HLA-DRB1*15:01+HLA-DRB3*01:01+HLA-DRB4*01:01+HLA-DRB5*01:01+DRB1_0301+DRB1_0701+DRB1_1501+DRB3_0101+DRB3_0202+DRB4_0101+DRB5_0101","1+P9WNK7","EAAASAIQGNVTSIH","IQGNVTSIH","I_HLA-DRB1*03:01_3176.2+I_HLA-DRB1*15:01_3724.6+I_HLA-DRB5*01:01_6644.6+I_HLA-DRB4*01:01_3735.9+I_HLA-DRB3*01:01_4643.3+N_DRB1_0301_4289.37+N_DRB1_0701_2033.65+N_DRB1_1501_4364.08+N_DRB3_0101_5158.46+N_DRB3_0202_1195.82+N_DRB4_0101_2363.24+N_DRB5_0101_6209.82","esxa","I+N","dataii_mtb_esxa/esxa_iedbii.csv"
"HLA-DRB1*03:01+HLA-DRB1*07:01+DRB1_0301+DRB1_0701+DRB3_0101","1+P9WNK7","EAGQAMASTEGNVTG","AMASTEGNV","I_HLA-DRB1*03:01_38552.6","esxa","I+N","dataii_mtb_esxa/esxa_iedbii.csv"
"HLA-DRB4*01:01+DRB1_1501+DRB5_0101","1+P9WNK7","EAGQAMASTEGNVTG","GQAMASTEG","I_HLA-DRB4*01:01_7758.6","esxa","I+N","dataii_mtb_esxa/esxa_iedbii.csv"
"HLA-DRB5*01:01+HLA-DRB1*15:01+HLA-DRB1*07:01+HLA-DRB3*01:01+DRB1_0301+DRB1_0701+DRB1_1501+DRB3_0101+DRB3_0202+DRB4_0101+DRB5_0101","1+P9WNK7","EAGQAMASTEGNVTG","MASTEGNVT","I_HLA-DRB1*15:01_12053.2+I_HLA-DRB1*07:01_2874.5+I_HLA-DRB3*01:01_20438.1+N_DRB1_0301_17779.23+N_DRB1_0701_3880.56+N_DRB1_1501_13020.56+N_DRB3_0101_15673.64+N_DRB3_0202_13923.37+N_DRB4_0101_10677.03+N_DRB5_0101_12369.76","esxa","I+N","dataii_mtb_esxa/esxa_iedbii.csv"
"HLA-DRB5*01:01+HLA-DRB3*01:01+HLA-DRB4*01:01+DRB3_0202","1+P9WNK7","EAGQAMASTEGNVTG","QAMASTEGN","I_HLA-DRB5*01:01_25638","esxa","I+N","dataii_mtb_esxa/esxa_iedbii.csv"
"HLA-DRB4*01:01+HLA-DRB1*03:01+HLA-DRB3*01:01+HLA-DRB1*15:01+HLA-DRB1*07:01+DRB3_0101+DRB3_0202","1+P9WNK7","EAYQGVQQKWDATAT","AYQGVQQKW","I_HLA-DRB4*01:01_612.8","esxa","I+N","dataii_mtb_esxa/esxa_iedbii.csv"
"HLA-DRB4*01:01+DRB1_0301+DRB4_0101","1+P9WNK7","EAYQGVQQKWDATAT","QGVQQKWDA","N_DRB4_0101_3320.38","esxa","I+N","dataii_mtb_esxa/esxa_netmhciipan.csv"
"HLA-DRB1*03:01+HLA-DRB3*01:01+HLA-DRB1*15:01+DRB1_0301+DRB1_1501+DRB3_0202+DRB4_0101+DRB5_0101","1+P9WNK7","EAYQGVQQKWDATAT","VQQKWDATA","I_HLA-DRB3*01:01_20831.5+I_HLA-DRB1*03:01_29378.5+I_HLA-DRB1*15:01_8000.9+N_DRB1_0301_11931.11+N_DRB1_1501_6369.39+N_DRB3_0202_14618.38","esxa","I+N","dataii_mtb_esxa/esxa_iedbii.csv"
"HLA-DRB5*01:01+HLA-DRB4*01:01+HLA-DRB1*07:01+HLA-DRB1*15:01+HLA-DRB3*01:01+DRB1_0701+DRB1_1501+DRB3_0101+DRB3_0202+DRB5_0101","1+P9WNK7","EAYQGVQQKWDATAT","YQGVQQKWD","I_HLA-DRB5*01:01_2327.5+I_HLA-DRB1*07:01_5854.4+N_DRB1_0701_6852.06+N_DRB3_0101_10152.59+N_DRB5_0101_4557.59","esxa","I+N","dataii_mtb_esxa/esxa_iedbii.csv"
"HLA-DRB1*07:01+HLA-DRB1*03:01+HLA-DRB3*01:01+DRB1_0701+DRB3_0101","1+P9WNK7","EGKQSLTKLAAAWGG","GKQSLTKLA","I_HLA-DRB1*03:01_28307","esxa","I+N","dataii_mtb_esxa/esxa_iedbii.csv"
"HLA-DRB4*01:01+HLA-DRB1*15:01+DRB1_0301+DRB1_1501+DRB3_0202+DRB4_0101+DRB5_0101","1+P9WNK7","EGKQSLTKLAAAWGG","KQSLTKLAA","I_HLA-DRB4*01:01_1148.1+N_DRB1_0301_9248.61+N_DRB4_0101_913.61+N_DRB5_0101_688.38","esxa","I+N","dataii_mtb_esxa/esxa_iedbii.csv"
"HLA-DRB1*15:01+HLA-DRB4*01:01+DRB1_0301+DRB1_0701+DRB1_1501+DRB3_0101+DRB3_0202+DRB4_0101+DRB5_0101","1+P9WNK7","EGKQSLTKLAAAWGG","LTKLAAAWG","I_HLA-DRB1*15:01_1565.8+N_DRB1_0701_1227.64+N_DRB1_1501_1492.69+N_DRB3_0101_14569.9+N_DRB3_0202_8077.87","esxa","I+N","dataii_mtb_esxa/esxa_iedbii.csv"
"HLA-DRB1*03:01+HLA-DRB5*01:01+HLA-DRB1*07:01+HLA-DRB3*01:01+HLA-DRB1*15:01+DRB1_0301+DRB1_0701+DRB1_1501+DRB3_0101+DRB3_0202","1+P9WNK7","ELNNALQNLARTISE","ALQNLARTI","I_HLA-DRB1*07:01_612.5+I_HLA-DRB3*01:01_8326.4+N_DRB1_0701_1072.69+N_DRB3_0101_5443.56+N_DRB3_0202_599","esxa","I+N","dataii_mtb_esxa/esxa_iedbii.csv"
"HLA-DRB1*03:01+HLA-DRB5*01:01+HLA-DRB4*01:01+HLA-DRB1*15:01+HLA-DRB1*07:01+DRB1_0301+DRB1_0701+DRB1_1501+DRB4_0101+DRB5_0101","1+P9WNK7","ELNNALQNLARTISE","LNNALQNLA","I_HLA-DRB5*01:01_5493+I_HLA-DRB1*03:01_6914.8+I_HLA-DRB4*01:01_200.1","esxa","I+N","dataii_mtb_esxa/esxa_iedbii.csv"
"HLA-DRB4*01:01+DRB1_0301+DRB1_1501+DRB4_0101+DRB5_0101","1+P9WNK7","ELNNALQNLARTISE","LQNLARTIS","N_DRB1_0301_3670.48+N_DRB1_1501_1755.44+N_DRB4_0101_456.92+N_DRB5_0101_1379.03","esxa","I+N","dataii_mtb_esxa/esxa_netmhciipan.csv"
"HLA-DRB5*01:01+HLA-DRB3*01:01+HLA-DRB1*07:01+HLA-DRB1*03:01+DRB1_0301+DRB1_0701+DRB1_1501+DRB3_0101+DRB3_0202+DRB4_0101+DRB5_0101","1+P9WNK7","EQQWNFAGIEAAASA","FAGIEAAAS","I_HLA-DRB5*01:01_17.1+I_HLA-DRB1*07:01_1894.8+I_HLA-DRB1*03:01_18069.9+N_DRB1_0701_331.03+N_DRB1_1501_1581.92+N_DRB3_0202_1572.83+N_DRB4_0101_2355.43+N_DRB5_0101_399.48","esxa","I+N","dataii_mtb_esxa/esxa_iedbii.csv"
"HLA-DRB4*01:01+HLA-DRB1*07:01+HLA-DRB5*01:01+DRB1_0301+DRB1_0701+DRB3_0101+DRB3_0202+DRB4_0101+DRB5_0101","1+P9WNK7","EQQWNFAGIEAAASA","WNFAGIEAA","I_HLA-DRB4*01:01_1350.7+N_DRB1_0301_9981.91+N_DRB3_0101_4808.97","esxa","I+N","dataii_mtb_esxa/esxa_iedbii.csv"
"HLA-DRB5*01:01+HLA-DRB3*01:01+HLA-DRB1*07:01+HLA-DRB1*03:01+DRB1_0301+DRB1_0701+DRB1_1501+DRB3_0101+DRB3_0202+DRB4_0101+DRB5_0101","1+P9WNK7","FAGIEAAASAIQGNV","FAGIEAAAS","I_HLA-DRB5*01:01_29.4","esxa","I+N","dataii_mtb_esxa/esxa_iedbii.csv"
"HLA-DRB4*01:01+HLA-DRB1*07:01+HLA-DRB5*01:01+HLA-DRB1*15:01+HLA-DRB1*03:01+DRB1_0301+DRB1_0701+DRB1_1501+DRB3_0101+DRB3_0202+DRB4_0101+DRB5_0101","1+P9WNK7","FAGIEAAASAIQGNV","IEAAASAIQ","I_HLA-DRB1*07:01_720.4+I_HLA-DRB1*03:01_3017.5+I_HLA-DRB4*01:01_2196.2+I_HLA-DRB1*15:01_5033.8+N_DRB1_0301_7759.45+N_DRB1_0701_466.35+N_DRB1_1501_1873.95+N_DRB3_0101_8377.12+N_DRB3_0202_3972.92+N_DRB4_0101_1663.06+N_DRB5_0101_866.26","esxa","I+N","dataii_mtb_esxa/esxa_iedbii.csv"
"HLA-DRB4*01:01+HLA-DRB1*03:01+HLA-DRB3*01:01+HLA-DRB1*15:01+HLA-DRB1*07:01+DRB3_0101+DRB3_0202","1+P9WNK7","GGSGSEAYQGVQQKW","AYQGVQQKW","I_HLA-DRB4*01:01_2518+I_HLA-DRB3*01:01_23323.1+I_HLA-DRB1*07:01_13559.3+I_HLA-DRB1*15:01_12844.5+I_HLA-DRB1*03:01_38688.8+N_DRB3_0101_15265.93","esxa","I+N","dataii_mtb_esxa/esxa_iedbii.csv"
"HLA-DRB5*01:01+HLA-DRB3*01:01+DRB1_0301+DRB3_0202+DRB4_0101+DRB5_0101","1+P9WNK7","GGSGSEAYQGVQQKW","EAYQGVQQK","I_HLA-DRB5*01:01_1051.5+N_DRB1_0301_17968.17+N_DRB3_0202_21859.48+N_DRB4_0101_7127.07+N_DRB5_0101_6028.03","esxa","I+N","dataii_mtb_esxa/esxa_iedbii.csv"
"HLA-DRB4*01:01+HLA-DRB1*07:01+HLA-DRB5*01:01+HLA-DRB1*15:01+HLA-DRB1*03:01+DRB1_0301+DRB1_0701+DRB1_1501+DRB3_0101+DRB3_0202+DRB4_0101+DRB5_0101","1+P9WNK7","GIEAAASAIQGNVTS","IEAAASAIQ","I_HLA-DRB4*01:01_3511.8+I_HLA-DRB1*07:01_1423.4+I_HLA-DRB5*01:01_6325+I_HLA-DRB1*15:01_6171.4+I_HLA-DRB1*03:01_10636.9+N_DRB1_0301_11462.53+N_DRB1_0701_1329.93+N_DRB1_1501_4715.71+N_DRB3_0101_12178.26+N_DRB3_0202_8654.16+N_DRB4_0101_2907.98+N_DRB5_0101_3389.45","esxa","I+N","dataii_mtb_esxa/esxa_iedbii.csv"
"HLA-DRB1*07:01+HLA-DRB1*03:01+HLA-DRB3*01:01+DRB1_0701+DRB3_0101","1+P9WNK7","GKQSLTKLAAAWGGS","GKQSLTKLA","I_HLA-DRB1*03:01_31126.6","esxa","I+N","dataii_mtb_esxa/esxa_iedbii.csv"
"HLA-DRB4*01:01+HLA-DRB1*15:01+DRB1_0301+DRB1_1501+DRB3_0202+DRB4_0101+DRB5_0101","1+P9WNK7","GKQSLTKLAAAWGGS","KQSLTKLAA","I_HLA-DRB4*01:01_1039.4+N_DRB1_0301_9809.95+N_DRB4_0101_941.85","esxa","I+N","dataii_mtb_esxa/esxa_iedbii.csv"
"HLA-DRB1*15:01+HLA-DRB4*01:01+DRB1_0301+DRB1_0701+DRB1_1501+DRB3_0101+DRB3_0202+DRB4_0101+DRB5_0101","1+P9WNK7","GKQSLTKLAAAWGGS","LTKLAAAWG","I_HLA-DRB1*15:01_1281.3+N_DRB1_0701_1053.05+N_DRB1_1501_1203.35+N_DRB3_0101_14494.27+N_DRB3_0202_7599.83+N_DRB5_0101_588.04","esxa","I+N","dataii_mtb_esxa/esxa_iedbii.csv"
"HLA-DRB5*01:01+HLA-DRB4*01:01+HLA-DRB1*15:01+DRB1_0301+DRB1_0701+DRB1_1501+DRB4_0101+DRB5_0101","1+P9WNK7","GNVTSIHSLLDEGKQ","IHSLLDEGK","I_HLA-DRB5*01:01_83.3+I_HLA-DRB4*01:01_550.6","esxa","I+N","dataii_mtb_esxa/esxa_iedbii.csv"
"HLA-DRB1*07:01+HLA-DRB1*03:01+HLA-DRB5*01:01+DRB1_0301+DRB1_0701+DRB1_1501+DRB3_0101+DRB3_0202+DRB4_0101+DRB5_0101","1+P9WNK7","GNVTSIHSLLDEGKQ","VTSIHSLLD","I_HLA-DRB1*07:01_76+I_HLA-DRB1*03:01_4756.2+N_DRB1_0301_6613.08+N_DRB1_0701_1047.03+N_DRB1_1501_1380.82+N_DRB3_0101_8307.44+N_DRB3_0202_8988.26+N_DRB4_0101_609.48+N_DRB5_0101_2189.89","esxa","I+N","dataii_mtb_esxa/esxa_iedbii.csv"
"HLA-DRB4*01:01+DRB1_1501+DRB5_0101","1+P9WNK7","GQAMASTEGNVTGMF","GQAMASTEG","I_HLA-DRB4*01:01_6574.6","esxa","I+N","dataii_mtb_esxa/esxa_iedbii.csv"
"HLA-DRB5*01:01+HLA-DRB1*15:01+HLA-DRB1*07:01+HLA-DRB3*01:01+DRB1_0301+DRB1_0701+DRB1_1501+DRB3_0101+DRB3_0202+DRB4_0101+DRB5_0101","1+P9WNK7","GQAMASTEGNVTGMF","MASTEGNVT","I_HLA-DRB5*01:01_19766.5+I_HLA-DRB1*15:01_8505.7+I_HLA-DRB1*07:01_2860.5+N_DRB1_0301_12176.42+N_DRB1_0701_1841.85+N_DRB1_1501_8741.39+N_DRB3_0101_9774.35+N_DRB3_0202_8679.1+N_DRB4_0101_7720.17+N_DRB5_0101_9974.56","esxa","I+N","dataii_mtb_esxa/esxa_iedbii.csv"
"HLA-DRB1*03:01+HLA-DRB3*01:01+DRB3_0101","1+P9WNK7","GQAMASTEGNVTGMF","TEGNVTGMF","I_HLA-DRB1*03:01_18432.1+I_HLA-DRB3*01:01_8251.2","esxa","I+N","dataii_mtb_esxa/esxa_iedbii.csv"
"HLA-DRB4*01:01+HLA-DRB1*03:01+HLA-DRB3*01:01+HLA-DRB1*15:01+HLA-DRB1*07:01+DRB3_0101+DRB3_0202","1+P9WNK7","GSEAYQGVQQKWDAT","AYQGVQQKW","I_HLA-DRB1*03:01_34079.6+I_HLA-DRB3*01:01_19556.3","esxa","I+N","dataii_mtb_esxa/esxa_iedbii.csv"
"HLA-DRB5*01:01+HLA-DRB3*01:01+DRB1_0301+DRB3_0202+DRB4_0101+DRB5_0101","1+P9WNK7","GSEAYQGVQQKWDAT","EAYQGVQQK","I_HLA-DRB5*01:01_1136.3+N_DRB1_0301_14383.66","esxa","I+N","dataii_mtb_esxa/esxa_iedbii.csv"
"HLA-DRB4*01:01+DRB1_0301+DRB4_0101","1+P9WNK7","GSEAYQGVQQKWDAT","QGVQQKWDA","N_DRB4_0101_4824.03","esxa","I+N","dataii_mtb_esxa/esxa_netmhciipan.csv"
"HLA-DRB5*01:01+HLA-DRB4*01:01+HLA-DRB1*07:01+HLA-DRB1*15:01+HLA-DRB3*01:01+DRB1_0701+DRB1_1501+DRB3_0101+DRB3_0202+DRB5_0101","1+P9WNK7","GSEAYQGVQQKWDAT","YQGVQQKWD","I_HLA-DRB4*01:01_835.8+I_HLA-DRB1*15:01_9903.4+I_HLA-DRB1*07:01_4486.8+N_DRB1_0701_7158.68+N_DRB1_1501_8377.39+N_DRB3_0101_11814.72+N_DRB3_0202_18970.29+N_DRB5_0101_3995.34","esxa","I+N","dataii_mtb_esxa/esxa_iedbii.csv"
"HLA-DRB4*01:01+HLA-DRB1*03:01+HLA-DRB3*01:01+HLA-DRB1*15:01+HLA-DRB1*07:01+DRB3_0101+DRB3_0202","1+P9WNK7","GSGSEAYQGVQQKWD","AYQGVQQKW","I_HLA-DRB4*01:01_1222+I_HLA-DRB1*03:01_36699.8+I_HLA-DRB1*15:01_10099.6+N_DRB3_0202_21818.13","esxa","I+N","dataii_mtb_esxa/esxa_iedbii.csv"
"HLA-DRB5*01:01+HLA-DRB3*01:01+DRB1_0301+DRB3_0202+DRB4_0101+DRB5_0101","1+P9WNK7","GSGSEAYQGVQQKWD","EAYQGVQQK","I_HLA-DRB5*01:01_922.6+I_HLA-DRB3*01:01_19478.4+N_DRB1_0301_17463.13+N_DRB4_0101_7406.63+N_DRB5_0101_5996.87","esxa","I+N","dataii_mtb_esxa/esxa_iedbii.csv"
"HLA-DRB5*01:01+HLA-DRB4*01:01+HLA-DRB1*07:01+HLA-DRB1*15:01+HLA-DRB3*01:01+DRB1_0701+DRB1_1501+DRB3_0101+DRB3_0202+DRB5_0101","1+P9WNK7","GSGSEAYQGVQQKWD","YQGVQQKWD","I_HLA-DRB1*07:01_3730.3+N_DRB3_0101_13404.8","esxa","I+N","dataii_mtb_esxa/esxa_iedbii.csv"
"HLA-DRB1*07:01+HLA-DRB5*01:01+DRB1_0701","1+P9WNK7","GVQQKWDATATELNN","KWDATATEL","I_HLA-DRB1*07:01_152.1+I_HLA-DRB5*01:01_16509.5","esxa","I+N","dataii_mtb_esxa/esxa_iedbii.csv"
"HLA-DRB1*03:01+HLA-DRB3*01:01+DRB1_0301+DRB3_0101+DRB3_0202","1+P9WNK7","GVQQKWDATATELNN","QKWDATATE","I_HLA-DRB3*01:01_5175+I_HLA-DRB1*03:01_10340.7+N_DRB1_0301_8643.95+N_DRB3_0101_5013.03","esxa","I+N","dataii_mtb_esxa/esxa_iedbii.csv"
"HLA-DRB1*03:01+HLA-DRB3*01:01+HLA-DRB1*15:01+DRB1_0301+DRB1_1501+DRB3_0202+DRB4_0101+DRB5_0101","1+P9WNK7","GVQQKWDATATELNN","VQQKWDATA","I_HLA-DRB1*15:01_10955.4+N_DRB1_1501_8396.18+N_DRB4_0101_5502.54","esxa","I+N","dataii_mtb_esxa/esxa_iedbii.csv"
"HLA-DRB1*07:01+HLA-DRB1*03:01+HLA-DRB4*01:01+DRB1_0701+DRB1_1501+DRB3_0101+DRB3_0202+DRB4_0101+DRB5_0101","1+P9WNK7","GVQQKWDATATELNN","WDATATELN","N_DRB1_0701_4842.38+N_DRB3_0202_9901.34+N_DRB5_0101_9547.43","esxa","I+N","dataii_mtb_esxa/esxa_netmhciipan.csv"
"HLA-DRB1*07:01+HLA-DRB1*03:01+HLA-DRB3*01:01+DRB1_0701+DRB3_0101","1+P9WNK7","HSLLDEGKQSLTKLA","GKQSLTKLA","N_DRB1_0701_5821.26","esxa","I+N","dataii_mtb_esxa/esxa_netmhciipan.csv"
"HLA-DRB1*03:01+HLA-DRB4*01:01+HLA-DRB1*15:01+DRB1_0301+DRB1_0701+DRB1_1501+DRB3_0101+DRB3_0202+DRB4_0101+DRB5_0101","1+P9WNK7","HSLLDEGKQSLTKLA","LLDEGKQSL","I_HLA-DRB1*03:01_729.7+I_HLA-DRB4*01:01_1040.5+I_HLA-DRB1*15:01_8281.2+N_DRB1_0301_1777.95+N_DRB1_1501_5382.13+N_DRB3_0101_4729.71+N_DRB3_0202_13645.97+N_DRB4_0101_2334.3+N_DRB5_0101_3737.97","esxa","I+N","dataii_mtb_esxa/esxa_iedbii.csv"
"HLA-DRB3*01:01+DRB3_0101+DRB3_0202","1+P9WNK7","HSLLDEGKQSLTKLA","SLLDEGKQS","I_HLA-DRB3*01:01_7643.5","esxa","I+N","dataii_mtb_esxa/esxa_iedbii.csv"
"HLA-DRB1*07:01+HLA-DRB3*01:01+DRB3_0101","1+P9WNK7","IEAAASAIQGNVTSI","AIQGNVTSI","I_HLA-DRB1*07:01_564+I_HLA-DRB3*01:01_25486.4+N_DRB3_0101_10609.09","esxa","I+N","dataii_mtb_esxa/esxa_iedbii.csv"
"HLA-DRB4*01:01+HLA-DRB1*07:01+HLA-DRB5*01:01+HLA-DRB1*15:01+HLA-DRB1*03:01+DRB1_0301+DRB1_0701+DRB1_1501+DRB3_0101+DRB3_0202+DRB4_0101+DRB5_0101","1+P9WNK7","IEAAASAIQGNVTSI","IEAAASAIQ","I_HLA-DRB4*01:01_3359.4+I_HLA-DRB5*01:01_7718.8+I_HLA-DRB1*15:01_6605.1+I_HLA-DRB1*03:01_15950.3+N_DRB5_0101_6006.16","esxa","I+N","dataii_mtb_esxa/esxa_iedbii.csv"
"HLA-DRB5*01:01+HLA-DRB4*01:01+HLA-DRB1*15:01+DRB1_0301+DRB1_0701+DRB1_1501+DRB4_0101+DRB5_0101","1+P9WNK7","IHSLLDEGKQSLTKL","IHSLLDEGK","I_HLA-DRB5*01:01_472.7+I_HLA-DRB4*01:01_499.8","esxa","I+N","dataii_mtb_esxa/esxa_iedbii.csv"
"HLA-DRB1*03:01+HLA-DRB4*01:01+HLA-DRB1*15:01+DRB1_0301+DRB1_0701+DRB1_1501+DRB3_0101+DRB3_0202+DRB4_0101+DRB5_0101","1+P9WNK7","IHSLLDEGKQSLTKL","LLDEGKQSL","I_HLA-DRB1*03:01_514.4+I_HLA-DRB1*15:01_8022.6+N_DRB1_0301_1192.65+N_DRB1_0701_6482.58+N_DRB1_1501_4383.77+N_DRB3_0202_11824.06+N_DRB4_0101_1815.04+N_DRB5_0101_3148.99","esxa","I+N","dataii_mtb_esxa/esxa_iedbii.csv"
"HLA-DRB3*01:01+DRB3_0101+DRB3_0202","1+P9WNK7","IHSLLDEGKQSLTKL","SLLDEGKQS","I_HLA-DRB3*01:01_5287.8+N_DRB3_0101_3223.7","esxa","I+N","dataii_mtb_esxa/esxa_iedbii.csv"
"HLA-DRB1*03:01+HLA-DRB1*15:01+HLA-DRB3*01:01+HLA-DRB4*01:01+HLA-DRB5*01:01+DRB1_0301+DRB1_0701+DRB1_1501+DRB3_0101+DRB3_0202+DRB4_0101+DRB5_0101","1+P9WNK7","IQGNVTSIHSLLDEG","IQGNVTSIH","I_HLA-DRB4*01:01_627+I_HLA-DRB3*01:01_4386.4+N_DRB1_0301_3787.15+N_DRB3_0202_1460.28","esxa","I+N","dataii_mtb_esxa/esxa_iedbii.csv"
"HLA-DRB1*07:01+HLA-DRB1*03:01+HLA-DRB5*01:01+DRB1_0301+DRB1_0701+DRB1_1501+DRB3_0101+DRB3_0202+DRB4_0101+DRB5_0101","1+P9WNK7","IQGNVTSIHSLLDEG","VTSIHSLLD","I_HLA-DRB1*03:01_1634.9+I_HLA-DRB1*07:01_45.7+I_HLA-DRB5*01:01_275.9+N_DRB1_0701_669.22+N_DRB1_1501_1099.84+N_DRB3_0101_5746.04+N_DRB4_0101_600.78+N_DRB5_0101_3029.35","esxa","I+N","dataii_mtb_esxa/esxa_iedbii.csv"
"HLA-DRB1*03:01+HLA-DRB1*07:01+DRB1_0301+DRB1_0701+DRB3_0101","1+P9WNK7","ISEAGQAMASTEGNV","AMASTEGNV","I_HLA-DRB1*07:01_3743+N_DRB1_0301_19361.37+N_DRB1_0701_8353.5+N_DRB3_0101_18147.72","esxa","I+N","dataii_mtb_esxa/esxa_iedbii.csv"
"HLA-DRB4*01:01+DRB1_1501+DRB5_0101","1+P9WNK7","ISEAGQAMASTEGNV","GQAMASTEG","N_DRB1_1501_16288.09+N_DRB5_0101_14782.36","esxa","I+N","dataii_mtb_esxa/esxa_netmhciipan.csv"
"HLA-DRB1*03:01+HLA-DRB4*01:01+HLA-DRB5*01:01+HLA-DRB1*15:01+HLA-DRB1*07:01+DRB1_0301+DRB1_0701+DRB1_1501+DRB3_0101+DRB3_0202+DRB4_0101+DRB5_0101","1+P9WNK7","ISEAGQAMASTEGNV","ISEAGQAMA","I_HLA-DRB1*03:01_18817.6+I_HLA-DRB5*01:01_20973.5+I_HLA-DRB1*15:01_9051.1+I_HLA-DRB4*01:01_2107.7+N_DRB4_0101_11053.54","esxa","I+N","dataii_mtb_esxa/esxa_iedbii.csv"
"HLA-DRB5*01:01+HLA-DRB3*01:01+HLA-DRB4*01:01+DRB3_0202","1+P9WNK7","ISEAGQAMASTEGNV","QAMASTEGN","I_HLA-DRB3*01:01_35530.8+N_DRB3_0202_20210.93","esxa","I+N","dataii_mtb_esxa/esxa_iedbii.csv"
"HLA-DRB3*01:01+HLA-DRB1*15:01+HLA-DRB1*03:01+HLA-DRB4*01:01+DRB1_0301+DRB1_0701+DRB1_1501+DRB3_0101+DRB3_0202+DRB4_0101+DRB5_0101","1+P9WNK7","KLAAAWGGSGSEAYQ","LAAAWGGSG","I_HLA-DRB1*15:01_7476.1+N_DRB1_0301_16870.3+N_DRB1_1501_5674.43+N_DRB3_0202_12435.78+N_DRB4_0101_8219.64+N_DRB5_0101_4693.97","esxa","I+N","dataii_mtb_esxa/esxa_iedbii.csv"
"HLA-DRB1*03:01+HLA-DRB5*01:01+HLA-DRB1*15:01+HLA-DRB1*07:01+HLA-DRB3*01:01+DRB1_0301+DRB1_0701+DRB1_1501+DRB3_0101+DRB3_0202+DRB4_0101+DRB5_0101","1+P9WNK7","KLAAAWGGSGSEAYQ","WGGSGSEAY","I_HLA-DRB1*03:01_26961.8+I_HLA-DRB5*01:01_4313.2+I_HLA-DRB1*07:01_4473+I_HLA-DRB3*01:01_18826.1+N_DRB1_0701_3050.89+N_DRB3_0101_8836.58","esxa","I+N","dataii_mtb_esxa/esxa_iedbii.csv"
"HLA-DRB4*01:01+HLA-DRB1*15:01+DRB1_0301+DRB1_1501+DRB3_0202+DRB4_0101+DRB5_0101","1+P9WNK7","KQSLTKLAAAWGGSG","KQSLTKLAA","I_HLA-DRB4*01:01_889.3","esxa","I+N","dataii_mtb_esxa/esxa_iedbii.csv"
"HLA-DRB3*01:01+HLA-DRB1*15:01+HLA-DRB1*03:01+HLA-DRB4*01:01+DRB1_0301+DRB1_0701+DRB1_1501+DRB3_0101+DRB3_0202+DRB4_0101+DRB5_0101","1+P9WNK7","KQSLTKLAAAWGGSG","LAAAWGGSG","N_DRB3_0101_13993.3","esxa","I+N","dataii_mtb_esxa/esxa_netmhciipan.csv"
"HLA-DRB1*15:01+HLA-DRB4*01:01+DRB1_0301+DRB1_0701+DRB1_1501+DRB3_0101+DRB3_0202+DRB4_0101+DRB5_0101","1+P9WNK7","KQSLTKLAAAWGGSG","LTKLAAAWG","I_HLA-DRB1*15:01_1157.2+N_DRB1_0301_11310.62+N_DRB1_0701_1203.09+N_DRB1_1501_1322.08+N_DRB3_0202_8018.83+N_DRB4_0101_1236.66+N_DRB5_0101_714.49","esxa","I+N","dataii_mtb_esxa/esxa_iedbii.csv"
"HLA-DRB5*01:01+HLA-DRB3*01:01+HLA-DRB1*03:01+HLA-DRB1*15:01+DRB1_0301+DRB1_1501+DRB4_0101","1+P9WNK7","KWDATATELNNALQN","TATELNNAL","I_HLA-DRB3*01:01_23033+I_HLA-DRB1*03:01_20651.5+I_HLA-DRB5*01:01_7878+I_HLA-DRB1*15:01_13952.9+N_DRB1_0301_13569.26+N_DRB1_1501_12925.81+N_DRB4_0101_8247.7","esxa","I+N","dataii_mtb_esxa/esxa_iedbii.csv"
"HLA-DRB1*07:01+HLA-DRB1*03:01+HLA-DRB4*01:01+DRB1_0701+DRB1_1501+DRB3_0101+DRB3_0202+DRB4_0101+DRB5_0101","1+P9WNK7","KWDATATELNNALQN","WDATATELN","I_HLA-DRB1*07:01_418.2+I_HLA-DRB4*01:01_5228.5+N_DRB1_0701_5451.4+N_DRB3_0101_9465.05+N_DRB5_0101_13630.62","esxa","I+N","dataii_mtb_esxa/esxa_iedbii.csv"
"HLA-DRB3*01:01+HLA-DRB1*15:01+HLA-DRB1*03:01+HLA-DRB4*01:01+DRB1_0301+DRB1_0701+DRB1_1501+DRB3_0101+DRB3_0202+DRB4_0101+DRB5_0101","1+P9WNK7","LAAAWGGSGSEAYQG","LAAAWGGSG","I_HLA-DRB1*15:01_9051.9+I_HLA-DRB4*01:01_22285","esxa","I+N","dataii_mtb_esxa/esxa_iedbii.csv"
"HLA-DRB1*03:01+HLA-DRB5*01:01+HLA-DRB1*15:01+HLA-DRB1*07:01+HLA-DRB3*01:01+DRB1_0301+DRB1_0701+DRB1_1501+DRB3_0101+DRB3_0202+DRB4_0101+DRB5_0101","1+P9WNK7","LAAAWGGSGSEAYQG","WGGSGSEAY","I_HLA-DRB1*03:01_26064.2+I_HLA-DRB5*01:01_5668.9+I_HLA-DRB1*07:01_6503+I_HLA-DRB3*01:01_18899.4+N_DRB1_0301_20307.82+N_DRB1_0701_4326.66+N_DRB3_0101_10586.96+N_DRB3_0202_15682.8+N_DRB5_0101_9732.67","esxa","I+N","dataii_mtb_esxa/esxa_iedbii.csv"
"HLA-DRB1*03:01+HLA-DRB4*01:01+HLA-DRB5*01:01+HLA-DRB1*15:01+HLA-DRB1*07:01+DRB1_0301+DRB1_0701+DRB1_1501+DRB3_0101+DRB3_0202+DRB4_0101+DRB5_0101","1+P9WNK7","LARTISEAGQAMAST","ISEAGQAMA","I_HLA-DRB1*03:01_3994.8+I_HLA-DRB1*07:01_1369.9+I_HLA-DRB1*15:01_5270+N_DRB1_0701_1631.52+N_DRB1_1501_3677.04+N_DRB4_0101_1628.1+N_DRB5_0101_3127.7","esxa","I+N","dataii_mtb_esxa/esxa_iedbii.csv"
"HLA-DRB5*01:01+HLA-DRB4*01:01+HLA-DRB3*01:01+DRB1_0301+DRB3_0101+DRB3_0202","1+P9WNK7","LARTISEAGQAMAST","TISEAGQAM","I_HLA-DRB5*01:01_8263.3+I_HLA-DRB4*01:01_689.9+I_HLA-DRB3*01:01_13901.4+N_DRB1_0301_4191.1+N_DRB3_0101_6035.93+N_DRB3_0202_7137.03","esxa","I+N","dataii_mtb_esxa/esxa_iedbii.csv"
"HLA-DRB1*07:01+HLA-DRB1*03:01+HLA-DRB3*01:01+DRB1_0701+DRB3_0101","1+P9WNK7","LDEGKQSLTKLAAAW","GKQSLTKLA","I_HLA-DRB1*07:01_6712.6+N_DRB3_0101_14168.5","esxa","I+N","dataii_mtb_esxa/esxa_iedbii.csv"
"HLA-DRB4*01:01+HLA-DRB1*15:01+DRB1_0301+DRB1_1501+DRB3_0202+DRB4_0101+DRB5_0101","1+P9WNK7","LDEGKQSLTKLAAAW","KQSLTKLAA","I_HLA-DRB4*01:01_1628.2+N_DRB1_0301_8854.57+N_DRB1_1501_3208.87+N_DRB3_0202_9424.99+N_DRB4_0101_1047.92+N_DRB5_0101_1040.75","esxa","I+N","dataii_mtb_esxa/esxa_iedbii.csv"
"HLA-DRB1*07:01+HLA-DRB1*03:01+HLA-DRB3*01:01+DRB1_0701+DRB3_0101","1+P9WNK7","LLDEGKQSLTKLAAA","GKQSLTKLA","I_HLA-DRB3*01:01_27650.4+N_DRB1_0701_3014.86","esxa","I+N","dataii_mtb_esxa/esxa_iedbii.csv"
"HLA-DRB4*01:01+HLA-DRB1*15:01+DRB1_0301+DRB1_1501+DRB3_0202+DRB4_0101+DRB5_0101","1+P9WNK7","LLDEGKQSLTKLAAA","KQSLTKLAA","I_HLA-DRB1*15:01_7113.5+N_DRB1_1501_4258.52+N_DRB3_0202_11348.5+N_DRB4_0101_1180.5+N_DRB5_0101_1330.37","esxa","I+N","dataii_mtb_esxa/esxa_iedbii.csv"
"HLA-DRB1*03:01+HLA-DRB4*01:01+HLA-DRB1*15:01+DRB1_0301+DRB1_0701+DRB1_1501+DRB3_0101+DRB3_0202+DRB4_0101+DRB5_0101","1+P9WNK7","LLDEGKQSLTKLAAA","LLDEGKQSL","I_HLA-DRB1*03:01_2487.8+I_HLA-DRB4*01:01_654.4+N_DRB1_0301_6098.23+N_DRB3_0101_11514.11","esxa","I+N","dataii_mtb_esxa/esxa_iedbii.csv"
"HLA-DRB1*03:01+HLA-DRB5*01:01+HLA-DRB1*07:01+HLA-DRB3*01:01+HLA-DRB1*15:01+DRB1_0301+DRB1_0701+DRB1_1501+DRB3_0101+DRB3_0202","1+P9WNK7","LNNALQNLARTISEA","ALQNLARTI","I_HLA-DRB1*03:01_5662.4+I_HLA-DRB5*01:01_6061.9+I_HLA-DRB1*15:01_7101.3+I_HLA-DRB1*07:01_821.6+I_HLA-DRB3*01:01_8129.3+N_DRB1_0701_919.12+N_DRB3_0101_5628.51+N_DRB3_0202_514.14","esxa","I+N","dataii_mtb_esxa/esxa_iedbii.csv"
"HLA-DRB1*03:01+HLA-DRB5*01:01+HLA-DRB4*01:01+HLA-DRB1*15:01+HLA-DRB1*07:01+DRB1_0301+DRB1_0701+DRB1_1501+DRB4_0101+DRB5_0101","1+P9WNK7","LNNALQNLARTISEA","LNNALQNLA","I_HLA-DRB4*01:01_269.9","esxa","I+N","dataii_mtb_esxa/esxa_iedbii.csv"
"HLA-DRB4*01:01+DRB1_0301+DRB1_1501+DRB4_0101+DRB5_0101","1+P9WNK7","LNNALQNLARTISEA","LQNLARTIS","N_DRB1_0301_3360.71+N_DRB1_1501_1538.84+N_DRB4_0101_404.46+N_DRB5_0101_1129.19","esxa","I+N","dataii_mtb_esxa/esxa_netmhciipan.csv"
"HLA-DRB1*03:01+HLA-DRB1*07:01+HLA-DRB1*15:01+DRB1_0301+DRB1_0701+DRB1_1501+DRB3_0101+DRB3_0202+DRB4_0101+DRB5_0101","1+P9WNK7","LQNLARTISEAGQAM","LARTISEAG","I_HLA-DRB1*03:01_12839.5+I_HLA-DRB1*15:01_8809.3+I_HLA-DRB1*07:01_1067.2+N_DRB1_0301_4538.7+N_DRB1_0701_748.55+N_DRB1_1501_2544.99+N_DRB3_0202_2988.36+N_DRB4_0101_534.26+N_DRB5_0101_2149.12","esxa","I+N","dataii_mtb_esxa/esxa_iedbii.csv"
"HLA-DRB4*01:01+DRB1_0301+DRB1_1501+DRB4_0101+DRB5_0101","1+P9WNK7","LQNLARTISEAGQAM","LQNLARTIS","I_HLA-DRB4*01:01_755.7","esxa","I+N","dataii_mtb_esxa/esxa_iedbii.csv"
"HLA-DRB5*01:01+HLA-DRB4*01:01+HLA-DRB3*01:01+DRB1_0301+DRB3_0101+DRB3_0202","1+P9WNK7","LQNLARTISEAGQAM","TISEAGQAM","I_HLA-DRB5*01:01_14929.3+I_HLA-DRB3*01:01_14018.1+N_DRB3_0101_6718.52","esxa","I+N","dataii_mtb_esxa/esxa_iedbii.csv"
"HLA-DRB3*01:01+HLA-DRB1*15:01+HLA-DRB1*03:01+HLA-DRB4*01:01+DRB1_0301+DRB1_0701+DRB1_1501+DRB3_0101+DRB3_0202+DRB4_0101+DRB5_0101","1+P9WNK7","LTKLAAAWGGSGSEA","LAAAWGGSG","I_HLA-DRB3*01:01_31963.4+I_HLA-DRB1*03:01_39577.1+N_DRB1_0301_14245.05+N_DRB1_0701_2212.06+N_DRB1_1501_2515.1+N_DRB3_0101_14455.74+N_DRB3_0202_9641.17+N_DRB4_0101_3556.99+N_DRB5_0101_1753.67","esxa","I+N","dataii_mtb_esxa/esxa_iedbii.csv"
"HLA-DRB1*15:01+HLA-DRB4*01:01+DRB1_0301+DRB1_0701+DRB1_1501+DRB3_0101+DRB3_0202+DRB4_0101+DRB5_0101","1+P9WNK7","LTKLAAAWGGSGSEA","LTKLAAAWG","I_HLA-DRB1*15:01_2789.6","esxa","I+N","dataii_mtb_esxa/esxa_iedbii.csv"
"HLA-DRB1*15:01+DRB1_1501","1+P9WNK7","MTEQQWNFAGIEAAA","QWNFAGIEA","I_HLA-DRB1*15:01_3452.6+N_DRB1_1501_3404.15","esxa","I+N","dataii_mtb_esxa/esxa_iedbii.csv"
"HLA-DRB4*01:01+HLA-DRB1*07:01+HLA-DRB5*01:01+DRB1_0301+DRB1_0701+DRB3_0101+DRB3_0202+DRB4_0101+DRB5_0101","1+P9WNK7","MTEQQWNFAGIEAAA","WNFAGIEAA","I_HLA-DRB1*07:01_3989.9+I_HLA-DRB4*01:01_1916.8+I_HLA-DRB5*01:01_9152.1+N_DRB1_0301_11151.56+N_DRB1_0701_1044.7+N_DRB3_0101_5412.67+N_DRB3_0202_5379.04+N_DRB4_0101_3520.76+N_DRB5_0101_3383.63","esxa","I+N","dataii_mtb_esxa/esxa_iedbii.csv"
"HLA-DRB1*03:01+HLA-DRB5*01:01+HLA-DRB1*07:01+HLA-DRB3*01:01+HLA-DRB1*15:01+DRB1_0301+DRB1_0701+DRB1_1501+DRB3_0101+DRB3_0202","1+P9WNK7","NALQNLARTISEAGQ","ALQNLARTI","I_HLA-DRB1*03:01_12064.4+I_HLA-DRB5*01:01_11686.9+I_HLA-DRB3*01:01_14754.2+N_DRB3_0101_7674.7+N_DRB3_0202_1274.41","esxa","I+N","dataii_mtb_esxa/esxa_iedbii.csv"
"HLA-DRB1*03:01+HLA-DRB1*07:01+HLA-DRB1*15:01+DRB1_0301+DRB1_0701+DRB1_1501+DRB3_0101+DRB3_0202+DRB4_0101+DRB5_0101","1+P9WNK7","NALQNLARTISEAGQ","LARTISEAG","I_HLA-DRB1*15:01_7904.7+I_HLA-DRB1*07:01_705+N_DRB1_0701_940.06","esxa","I+N","dataii_mtb_esxa/esxa_iedbii.csv"
"HLA-DRB4*01:01+DRB1_0301+DRB1_1501+DRB4_0101+DRB5_0101","1+P9WNK7","NALQNLARTISEAGQ","LQNLARTIS","I_HLA-DRB4*01:01_489.2+N_DRB1_0301_4401.16+N_DRB1_1501_2192.21+N_DRB4_0101_505.65+N_DRB5_0101_1612.02","esxa","I+N","dataii_mtb_esxa/esxa_iedbii.csv"
"HLA-DRB5*01:01+HLA-DRB3*01:01+HLA-DRB1*07:01+HLA-DRB1*03:01+DRB1_0301+DRB1_0701+DRB1_1501+DRB3_0101+DRB3_0202+DRB4_0101+DRB5_0101","1+P9WNK7","NFAGIEAAASAIQGN","FAGIEAAAS","I_HLA-DRB5*01:01_16.7+N_DRB1_0701_355.11+N_DRB1_1501_1546.8+N_DRB3_0101_7419.38+N_DRB3_0202_2212.64+N_DRB5_0101_415.53","esxa","I+N","dataii_mtb_esxa/esxa_iedbii.csv"
"HLA-DRB4*01:01+HLA-DRB1*07:01+HLA-DRB5*01:01+HLA-DRB1*15:01+HLA-DRB1*03:01+DRB1_0301+DRB1_0701+DRB1_1501+DRB3_0101+DRB3_0202+DRB4_0101+DRB5_0101","1+P9WNK7","NFAGIEAAASAIQGN","IEAAASAIQ","I_HLA-DRB1*03:01_4666.9+I_HLA-DRB4*01:01_2556.9+I_HLA-DRB1*15:01_3453+N_DRB1_0301_8395.36+N_DRB4_0101_1703.07","esxa","I+N","dataii_mtb_esxa/esxa_iedbii.csv"
"HLA-DRB1*03:01+HLA-DRB4*01:01+HLA-DRB5*01:01+HLA-DRB1*15:01+HLA-DRB1*07:01+DRB1_0301+DRB1_0701+DRB1_1501+DRB3_0101+DRB3_0202+DRB4_0101+DRB5_0101","1+P9WNK7","NLARTISEAGQAMAS","ISEAGQAMA","I_HLA-DRB1*03:01_6064.9+I_HLA-DRB1*07:01_1063+I_HLA-DRB1*15:01_6215.7+N_DRB5_0101_3127.23","esxa","I+N","dataii_mtb_esxa/esxa_iedbii.csv"
"HLA-DRB1*03:01+HLA-DRB1*07:01+HLA-DRB1*15:01+DRB1_0301+DRB1_0701+DRB1_1501+DRB3_0101+DRB3_0202+DRB4_0101+DRB5_0101","1+P9WNK7","NLARTISEAGQAMAS","LARTISEAG","N_DRB1_0701_1239.92+N_DRB1_1501_3566.27+N_DRB3_0202_5328.7+N_DRB4_0101_1203.43","esxa","I+N","dataii_mtb_esxa/esxa_netmhciipan.csv"
"HLA-DRB5*01:01+HLA-DRB4*01:01+HLA-DRB3*01:01+DRB1_0301+DRB3_0101+DRB3_0202","1+P9WNK7","NLARTISEAGQAMAS","TISEAGQAM","I_HLA-DRB5*01:01_9816.5+I_HLA-DRB3*01:01_13998.4+I_HLA-DRB4*01:01_903.4+N_DRB1_0301_4293.92+N_DRB3_0101_5920.48","esxa","I+N","dataii_mtb_esxa/esxa_iedbii.csv"
"HLA-DRB1*03:01+HLA-DRB5*01:01+HLA-DRB1*07:01+HLA-DRB3*01:01+HLA-DRB1*15:01+DRB1_0301+DRB1_0701+DRB1_1501+DRB3_0101+DRB3_0202","1+P9WNK7","NNALQNLARTISEAG","ALQNLARTI","I_HLA-DRB1*03:01_8728.8+I_HLA-DRB5*01:01_8623.5+I_HLA-DRB3*01:01_11253.3+N_DRB1_0701_1001.95+N_DRB3_0101_6803.89+N_DRB3_0202_814.96","esxa","I+N","dataii_mtb_esxa/esxa_iedbii.csv"
"HLA-DRB1*03:01+HLA-DRB1*07:01+HLA-DRB1*15:01+DRB1_0301+DRB1_0701+DRB1_1501+DRB3_0101+DRB3_0202+DRB4_0101+DRB5_0101","1+P9WNK7","NNALQNLARTISEAG","LARTISEAG","I_HLA-DRB1*07:01_506.1+I_HLA-DRB1*15:01_7287.8","esxa","I+N","dataii_mtb_esxa/esxa_iedbii.csv"
"HLA-DRB4*01:01+DRB1_0301+DRB1_1501+DRB4_0101+DRB5_0101","1+P9WNK7","NNALQNLARTISEAG","LQNLARTIS","I_HLA-DRB4*01:01_482.7+N_DRB1_0301_4259.26+N_DRB1_1501_2057.73+N_DRB4_0101_503.96+N_DRB5_0101_1432.6","esxa","I+N","dataii_mtb_esxa/esxa_iedbii.csv"
"HLA-DRB5*01:01+HLA-DRB4*01:01+HLA-DRB1*15:01+DRB1_0301+DRB1_0701+DRB1_1501+DRB4_0101+DRB5_0101","1+P9WNK7","NVTSIHSLLDEGKQS","IHSLLDEGK","I_HLA-DRB5*01:01_91.5+I_HLA-DRB4*01:01_652.5+N_DRB1_0301_5738.46+N_DRB5_0101_2225.75","esxa","I+N","dataii_mtb_esxa/esxa_iedbii.csv"
"HLA-DRB3*01:01+DRB3_0101+DRB3_0202","1+P9WNK7","NVTSIHSLLDEGKQS","SLLDEGKQS","I_HLA-DRB3*01:01_4635.4+N_DRB3_0101_6398.27","esxa","I+N","dataii_mtb_esxa/esxa_iedbii.csv"
"HLA-DRB1*07:01+HLA-DRB1*03:01+HLA-DRB5*01:01+DRB1_0301+DRB1_0701+DRB1_1501+DRB3_0101+DRB3_0202+DRB4_0101+DRB5_0101","1+P9WNK7","NVTSIHSLLDEGKQS","VTSIHSLLD","I_HLA-DRB1*07:01_90.5+I_HLA-DRB1*03:01_7297.2+N_DRB1_0701_1786.19+N_DRB1_1501_2081.56+N_DRB3_0202_12409.97+N_DRB4_0101_752.48","esxa","I+N","dataii_mtb_esxa/esxa_iedbii.csv"
"HLA-DRB5*01:01+HLA-DRB1*15:01+HLA-DRB1*07:01+HLA-DRB3*01:01+DRB1_0301+DRB1_0701+DRB1_1501+DRB3_0101+DRB3_0202+DRB4_0101+DRB5_0101","1+P9WNK7","QAMASTEGNVTGMFA","MASTEGNVT","I_HLA-DRB5*01:01_17173.6+I_HLA-DRB1*15:01_7533.3+I_HLA-DRB1*07:01_3050.4+N_DRB1_0301_11670.39+N_DRB1_0701_2010.83+N_DRB1_1501_8996.05+N_DRB3_0202_9212.75+N_DRB4_0101_8256.19+N_DRB5_0101_10492.31","esxa","I+N","dataii_mtb_esxa/esxa_iedbii.csv"
"HLA-DRB5*01:01+HLA-DRB3*01:01+HLA-DRB4*01:01+DRB3_0202","1+P9WNK7","QAMASTEGNVTGMFA","QAMASTEGN","I_HLA-DRB4*01:01_8271.7","esxa","I+N","dataii_mtb_esxa/esxa_iedbii.csv"
"HLA-DRB1*03:01+HLA-DRB3*01:01+DRB3_0101","1+P9WNK7","QAMASTEGNVTGMFA","TEGNVTGMF","I_HLA-DRB1*03:01_15867.5+I_HLA-DRB3*01:01_6956.5+N_DRB3_0101_9383.57","esxa","I+N","dataii_mtb_esxa/esxa_iedbii.csv"
"HLA-DRB5*01:01+HLA-DRB4*01:01+HLA-DRB1*15:01+DRB1_0301+DRB1_0701+DRB1_1501+DRB4_0101+DRB5_0101","1+P9WNK7","QGNVTSIHSLLDEGK","IHSLLDEGK","I_HLA-DRB4*01:01_498.3","esxa","I+N","dataii_mtb_esxa/esxa_iedbii.csv"
"HLA-DRB1*07:01+HLA-DRB1*03:01+HLA-DRB5*01:01+DRB1_0301+DRB1_0701+DRB1_1501+DRB3_0101+DRB3_0202+DRB4_0101+DRB5_0101","1+P9WNK7","QGNVTSIHSLLDEGK","VTSIHSLLD","I_HLA-DRB1*07:01_59.5+I_HLA-DRB5*01:01_74.1+I_HLA-DRB1*03:01_2505.9+N_DRB1_0301_6448.37+N_DRB1_0701_804.18+N_DRB1_1501_1127.94+N_DRB3_0101_7908.88+N_DRB3_0202_7162.17+N_DRB4_0101_578.09+N_DRB5_0101_2493.15","esxa","I+N","dataii_mtb_esxa/esxa_iedbii.csv"
"HLA-DRB1*07:01+HLA-DRB5*01:01+DRB1_0701","1+P9WNK7","QGVQQKWDATATELN","KWDATATEL","I_HLA-DRB1*07:01_121.6+I_HLA-DRB5*01:01_16174.6","esxa","I+N","dataii_mtb_esxa/esxa_iedbii.csv"
"HLA-DRB4*01:01+DRB1_0301+DRB4_0101","1+P9WNK7","QGVQQKWDATATELN","QGVQQKWDA","I_HLA-DRB4*01:01_3476.9","esxa","I+N","dataii_mtb_esxa/esxa_iedbii.csv"
"HLA-DRB1*03:01+HLA-DRB3*01:01+DRB1_0301+DRB3_0101+DRB3_0202","1+P9WNK7","QGVQQKWDATATELN","QKWDATATE","I_HLA-DRB3*01:01_5616+I_HLA-DRB1*03:01_12842.6+N_DRB1_0301_8103.7+N_DRB3_0101_4836.94+N_DRB3_0202_10473.48","esxa","I+N","dataii_mtb_esxa/esxa_iedbii.csv"
"HLA-DRB1*03:01+HLA-DRB3*01:01+HLA-DRB1*15:01+DRB1_0301+DRB1_1501+DRB3_0202+DRB4_0101+DRB5_0101","1+P9WNK7","QGVQQKWDATATELN","VQQKWDATA","I_HLA-DRB1*15:01_9326.8+N_DRB1_1501_7063.96+N_DRB4_0101_4258.66+N_DRB5_0101_8784.06","esxa","I+N","dataii_mtb_esxa/esxa_iedbii.csv"
"HLA-DRB1*07:01+HLA-DRB1*03:01+HLA-DRB4*01:01+DRB1_0701+DRB1_1501+DRB3_0101+DRB3_0202+DRB4_0101+DRB5_0101","1+P9WNK7","QGVQQKWDATATELN","WDATATELN","N_DRB1_0701_4816","esxa","I+N","dataii_mtb_esxa/esxa_netmhciipan.csv"
"HLA-DRB1*03:01+HLA-DRB3*01:01+DRB1_0301+DRB3_0101+DRB3_0202","1+P9WNK7","QKWDATATELNNALQ","QKWDATATE","I_HLA-DRB3*01:01_13671.4","esxa","I+N","dataii_mtb_esxa/esxa_iedbii.csv"
"HLA-DRB5*01:01+HLA-DRB3*01:01+HLA-DRB1*03:01+HLA-DRB1*15:01+DRB1_0301+DRB1_1501+DRB4_0101","1+P9WNK7","QKWDATATELNNALQ","TATELNNAL","I_HLA-DRB5*01:01_10515.5+I_HLA-DRB1*15:01_13168.8+N_DRB1_0301_13857.24+N_DRB1_1501_13352.69+N_DRB4_0101_9224.92","esxa","I+N","dataii_mtb_esxa/esxa_iedbii.csv"
"HLA-DRB1*07:01+HLA-DRB1*03:01+HLA-DRB4*01:01+DRB1_0701+DRB1_1501+DRB3_0101+DRB3_0202+DRB4_0101+DRB5_0101","1+P9WNK7","QKWDATATELNNALQ","WDATATELN","I_HLA-DRB1*07:01_276.4+I_HLA-DRB1*03:01_17080.2+I_HLA-DRB4*01:01_6737.8+N_DRB1_0701_4361.11+N_DRB3_0101_8385.19+N_DRB3_0202_10168.97+N_DRB5_0101_12195.67","esxa","I+N","dataii_mtb_esxa/esxa_iedbii.csv"
"HLA-DRB1*03:01+HLA-DRB4*01:01+HLA-DRB5*01:01+HLA-DRB1*15:01+HLA-DRB1*07:01+DRB1_0301+DRB1_0701+DRB1_1501+DRB3_0101+DRB3_0202+DRB4_0101+DRB5_0101","1+P9WNK7","QNLARTISEAGQAMA","ISEAGQAMA","I_HLA-DRB1*03:01_8518+I_HLA-DRB1*15:01_6345.9","esxa","I+N","dataii_mtb_esxa/esxa_iedbii.csv"
"HLA-DRB1*03:01+HLA-DRB1*07:01+HLA-DRB1*15:01+DRB1_0301+DRB1_0701+DRB1_1501+DRB3_0101+DRB3_0202+DRB4_0101+DRB5_0101","1+P9WNK7","QNLARTISEAGQAMA","LARTISEAG","I_HLA-DRB1*07:01_813.4+N_DRB1_0301_4663.7+N_DRB1_0701_992.53+N_DRB1_1501_3416.11+N_DRB3_0202_3917.52+N_DRB4_0101_868.96+N_DRB5_0101_2943.21","esxa","I+N","dataii_mtb_esxa/esxa_iedbii.csv"
"HLA-DRB5*01:01+HLA-DRB4*01:01+HLA-DRB3*01:01+DRB1_0301+DRB3_0101+DRB3_0202","1+P9WNK7","QNLARTISEAGQAMA","TISEAGQAM","I_HLA-DRB5*01:01_11003.7+I_HLA-DRB3*01:01_14111.7+I_HLA-DRB4*01:01_954.4+N_DRB3_0101_5932.4","esxa","I+N","dataii_mtb_esxa/esxa_iedbii.csv"
"HLA-DRB1*07:01+HLA-DRB5*01:01+DRB1_0701","1+P9WNK7","QQKWDATATELNNAL","KWDATATEL","I_HLA-DRB1*07:01_188.2","esxa","I+N","dataii_mtb_esxa/esxa_iedbii.csv"
"HLA-DRB1*03:01+HLA-DRB3*01:01+DRB1_0301+DRB3_0101+DRB3_0202","1+P9WNK7","QQKWDATATELNNAL","QKWDATATE","I_HLA-DRB3*01:01_10072.3+N_DRB1_0301_11667.61","esxa","I+N","dataii_mtb_esxa/esxa_iedbii.csv"
"HLA-DRB5*01:01+HLA-DRB3*01:01+HLA-DRB1*03:01+HLA-DRB1*15:01+DRB1_0301+DRB1_1501+DRB4_0101","1+P9WNK7","QQKWDATATELNNAL","TATELNNAL","I_HLA-DRB5*01:01_11700.2+I_HLA-DRB1*15:01_12402.1","esxa","I+N","dataii_mtb_esxa/esxa_iedbii.csv"
"HLA-DRB1*07:01+HLA-DRB1*03:01+HLA-DRB4*01:01+DRB1_0701+DRB1_1501+DRB3_0101+DRB3_0202+DRB4_0101+DRB5_0101","1+P9WNK7","QQKWDATATELNNAL","WDATATELN","I_HLA-DRB1*03:01_12449.8+I_HLA-DRB4*01:01_8120.5+N_DRB1_0701_3725.78+N_DRB1_1501_12944.84+N_DRB3_0101_6254.66+N_DRB3_0202_9060.62+N_DRB4_0101_9300.19+N_DRB5_0101_10739.71","esxa","I+N","dataii_mtb_esxa/esxa_iedbii.csv"
"HLA-DRB5*01:01+HLA-DRB3*01:01+HLA-DRB1*07:01+HLA-DRB1*03:01+DRB1_0301+DRB1_0701+DRB1_1501+DRB3_0101+DRB3_0202+DRB4_0101+DRB5_0101","1+P9WNK7","QQWNFAGIEAAASAI","FAGIEAAAS","I_HLA-DRB5*01:01_10.3+I_HLA-DRB1*03:01_17390.2+N_DRB1_0301_9529.17+N_DRB1_0701_215.17+N_DRB1_1501_1018.36+N_DRB3_0101_4551.38+N_DRB3_0202_1058.13+N_DRB4_0101_1779.57+N_DRB5_0101_219.33","esxa","I+N","dataii_mtb_esxa/esxa_iedbii.csv"
"HLA-DRB4*01:01+HLA-DRB1*07:01+HLA-DRB5*01:01+DRB1_0301+DRB1_0701+DRB3_0101+DRB3_0202+DRB4_0101+DRB5_0101","1+P9WNK7","QQWNFAGIEAAASAI","WNFAGIEAA","I_HLA-DRB4*01:01_1178.1","esxa","I+N","dataii_mtb_esxa/esxa_iedbii.csv"
"HLA-DRB3*01:01+HLA-DRB1*15:01+HLA-DRB1*03:01+HLA-DRB4*01:01+DRB1_0301+DRB1_0701+DRB1_1501+DRB3_0101+DRB3_0202+DRB4_0101+DRB5_0101","1+P9WNK7","QSLTKLAAAWGGSGS","LAAAWGGSG","I_HLA-DRB1*03:01_39425+N_DRB1_0301_12541.85+N_DRB3_0101_13951.12+N_DRB3_0202_8574.28","esxa","I+N","dataii_mtb_esxa/esxa_iedbii.csv"
"HLA-DRB1*15:01+HLA-DRB4*01:01+DRB1_0301+DRB1_0701+DRB1_1501+DRB3_0101+DRB3_0202+DRB4_0101+DRB5_0101","1+P9WNK7","QSLTKLAAAWGGSGS","LTKLAAAWG","I_HLA-DRB1*15:01_1455.9+I_HLA-DRB4*01:01_2826.2+N_DRB1_0701_1390.1+N_DRB1_1501_1655.33+N_DRB4_0101_2087.7+N_DRB5_0101_1023.56","esxa","I+N","dataii_mtb_esxa/esxa_iedbii.csv"
"HLA-DRB5*01:01+HLA-DRB3*01:01+HLA-DRB1*07:01+HLA-DRB1*03:01+DRB1_0301+DRB1_0701+DRB1_1501+DRB3_0101+DRB3_0202+DRB4_0101+DRB5_0101","1+P9WNK7","QWNFAGIEAAASAIQ","FAGIEAAAS","I_HLA-DRB5*01:01_7.5+I_HLA-DRB3*01:01_11259.3+N_DRB1_0701_195.18+N_DRB1_1501_963.24+N_DRB3_0101_4814.9+N_DRB3_0202_1068.83+N_DRB4_0101_1581.19+N_DRB5_0101_202.27","esxa","I+N","dataii_mtb_esxa/esxa_iedbii.csv"
"HLA-DRB4*01:01+HLA-DRB1*07:01+HLA-DRB5*01:01+HLA-DRB1*15:01+HLA-DRB1*03:01+DRB1_0301+DRB1_0701+DRB1_1501+DRB3_0101+DRB3_0202+DRB4_0101+DRB5_0101","1+P9WNK7","QWNFAGIEAAASAIQ","IEAAASAIQ","I_HLA-DRB1*03:01_7333.2+N_DRB1_0301_8627.7","esxa","I+N","dataii_mtb_esxa/esxa_iedbii.csv"
"HLA-DRB4*01:01+HLA-DRB1*07:01+HLA-DRB5*01:01+DRB1_0301+DRB1_0701+DRB3_0101+DRB3_0202+DRB4_0101+DRB5_0101","1+P9WNK7","QWNFAGIEAAASAIQ","WNFAGIEAA","I_HLA-DRB4*01:01_1077","esxa","I+N","dataii_mtb_esxa/esxa_iedbii.csv"
"HLA-DRB1*03:01+HLA-DRB4*01:01+HLA-DRB5*01:01+HLA-DRB1*15:01+HLA-DRB1*07:01+DRB1_0301+DRB1_0701+DRB1_1501+DRB3_0101+DRB3_0202+DRB4_0101+DRB5_0101","1+P9WNK7","RTISEAGQAMASTEG","ISEAGQAMA","I_HLA-DRB1*03:01_6151.8+I_HLA-DRB4*01:01_775.6+I_HLA-DRB5*01:01_12650.7+I_HLA-DRB1*15:01_5985.9+I_HLA-DRB1*07:01_3444.2+N_DRB1_0301_6445.17+N_DRB1_0701_3367.41+N_DRB1_1501_6258.39+N_DRB3_0202_12294.64+N_DRB4_0101_3124.83+N_DRB5_0101_5388.6","esxa","I+N","dataii_mtb_esxa/esxa_iedbii.csv"
"HLA-DRB5*01:01+HLA-DRB4*01:01+HLA-DRB3*01:01+DRB1_0301+DRB3_0101+DRB3_0202","1+P9WNK7","RTISEAGQAMASTEG","TISEAGQAM","I_HLA-DRB3*01:01_25884.1+N_DRB3_0101_9385.81","esxa","I+N","dataii_mtb_esxa/esxa_iedbii.csv"
"HLA-DRB1*03:01+HLA-DRB1*15:01+HLA-DRB3*01:01+HLA-DRB4*01:01+HLA-DRB5*01:01+DRB1_0301+DRB1_0701+DRB1_1501+DRB3_0101+DRB3_0202+DRB4_0101+DRB5_0101","1+P9WNK7","SAIQGNVTSIHSLLD","IQGNVTSIH","I_HLA-DRB1*03:01_664.5+I_HLA-DRB1*15:01_957.4+I_HLA-DRB3*01:01_2923.3+I_HLA-DRB4*01:01_909.9+N_DRB1_0301_1410.5+N_DRB1_0701_525+N_DRB1_1501_1119.37+N_DRB3_0101_2484.11+N_DRB3_0202_258.61+N_DRB4_0101_634.39+N_DRB5_0101_2300.62","esxa","I+N","dataii_mtb_esxa/esxa_iedbii.csv"
"HLA-DRB1*07:01+HLA-DRB1*03:01+HLA-DRB5*01:01+DRB1_0301+DRB1_0701+DRB1_1501+DRB3_0101+DRB3_0202+DRB4_0101+DRB5_0101","1+P9WNK7","SAIQGNVTSIHSLLD","VTSIHSLLD","I_HLA-DRB1*07:01_25.4+I_HLA-DRB5*01:01_579.3","esxa","I+N","dataii_mtb_esxa/esxa_iedbii.csv"
"HLA-DRB1*03:01+HLA-DRB1*07:01+DRB1_0301+DRB1_0701+DRB3_0101","1+P9WNK7","SEAGQAMASTEGNVT","AMASTEGNV","I_HLA-DRB1*03:01_38269.2+N_DRB1_0301_18886.11","esxa","I+N","dataii_mtb_esxa/esxa_iedbii.csv"
"HLA-DRB4*01:01+DRB1_1501+DRB5_0101","1+P9WNK7","SEAGQAMASTEGNVT","GQAMASTEG","I_HLA-DRB4*01:01_7775.7","esxa","I+N","dataii_mtb_esxa/esxa_iedbii.csv"
"HLA-DRB5*01:01+HLA-DRB1*15:01+HLA-DRB1*07:01+HLA-DRB3*01:01+DRB1_0301+DRB1_0701+DRB1_1501+DRB3_0101+DRB3_0202+DRB4_0101+DRB5_0101","1+P9WNK7","SEAGQAMASTEGNVT","MASTEGNVT","I_HLA-DRB1*15:01_11742.7+I_HLA-DRB1*07:01_1987.7+I_HLA-DRB3*01:01_20344.1+N_DRB1_0701_4495.83+N_DRB1_1501_14283.32+N_DRB3_0101_15401.47+N_DRB3_0202_15807.5+N_DRB4_0101_11357.35+N_DRB5_0101_13256.1","esxa","I+N","dataii_mtb_esxa/esxa_iedbii.csv"
"HLA-DRB5*01:01+HLA-DRB3*01:01+HLA-DRB4*01:01+DRB3_0202","1+P9WNK7","SEAGQAMASTEGNVT","QAMASTEGN","I_HLA-DRB5*01:01_24242.2","esxa","I+N","dataii_mtb_esxa/esxa_iedbii.csv"
"HLA-DRB4*01:01+HLA-DRB1*03:01+HLA-DRB3*01:01+HLA-DRB1*15:01+HLA-DRB1*07:01+DRB3_0101+DRB3_0202","1+P9WNK7","SEAYQGVQQKWDATA","AYQGVQQKW","I_HLA-DRB4*01:01_721.5","esxa","I+N","dataii_mtb_esxa/esxa_iedbii.csv"
"HLA-DRB4*01:01+DRB1_0301+DRB4_0101","1+P9WNK7","SEAYQGVQQKWDATA","QGVQQKWDA","N_DRB1_0301_12963.21+N_DRB4_0101_3836.23","esxa","I+N","dataii_mtb_esxa/esxa_netmhciipan.csv"
"HLA-DRB1*03:01+HLA-DRB3*01:01+HLA-DRB1*15:01+DRB1_0301+DRB1_1501+DRB3_0202+DRB4_0101+DRB5_0101","1+P9WNK7","SEAYQGVQQKWDATA","VQQKWDATA","I_HLA-DRB1*03:01_31448.5+I_HLA-DRB1*15:01_7923.6","esxa","I+N","dataii_mtb_esxa/esxa_iedbii.csv"
"HLA-DRB5*01:01+HLA-DRB4*01:01+HLA-DRB1*07:01+HLA-DRB1*15:01+HLA-DRB3*01:01+DRB1_0701+DRB1_1501+DRB3_0101+DRB3_0202+DRB5_0101","1+P9WNK7","SEAYQGVQQKWDATA","YQGVQQKWD","I_HLA-DRB5*01:01_1327.7+I_HLA-DRB1*07:01_4823.3+I_HLA-DRB3*01:01_18336.6+N_DRB1_0701_6665.73+N_DRB1_1501_7247.53+N_DRB3_0101_11383.92+N_DRB3_0202_16542.24+N_DRB5_0101_3994.3","esxa","I+N","dataii_mtb_esxa/esxa_iedbii.csv"
"HLA-DRB4*01:01+HLA-DRB1*03:01+HLA-DRB3*01:01+HLA-DRB1*15:01+HLA-DRB1*07:01+DRB3_0101+DRB3_0202","1+P9WNK7","SGSEAYQGVQQKWDA","AYQGVQQKW","I_HLA-DRB4*01:01_913.3+I_HLA-DRB1*03:01_35554.6+N_DRB3_0202_19720.79","esxa","I+N","dataii_mtb_esxa/esxa_iedbii.csv"
"HLA-DRB5*01:01+HLA-DRB3*01:01+DRB1_0301+DRB3_0202+DRB4_0101+DRB5_0101","1+P9WNK7","SGSEAYQGVQQKWDA","EAYQGVQQK","I_HLA-DRB5*01:01_774.2+I_HLA-DRB3*01:01_18638.5+N_DRB1_0301_15495.41+N_DRB4_0101_5705.59+N_DRB5_0101_4297.68","esxa","I+N","dataii_mtb_esxa/esxa_iedbii.csv"
"HLA-DRB5*01:01+HLA-DRB4*01:01+HLA-DRB1*07:01+HLA-DRB1*15:01+HLA-DRB3*01:01+DRB1_0701+DRB1_1501+DRB3_0101+DRB3_0202+DRB5_0101","1+P9WNK7","SGSEAYQGVQQKWDA","YQGVQQKWD","I_HLA-DRB1*15:01_9985.9+I_HLA-DRB1*07:01_4147.2+N_DRB1_0701_7442.22+N_DRB3_0101_12362","esxa","I+N","dataii_mtb_esxa/esxa_iedbii.csv"
"HLA-DRB5*01:01+HLA-DRB4*01:01+HLA-DRB1*15:01+DRB1_0301+DRB1_0701+DRB1_1501+DRB4_0101+DRB5_0101","1+P9WNK7","SIHSLLDEGKQSLTK","IHSLLDEGK","I_HLA-DRB5*01:01_252.6+I_HLA-DRB4*01:01_649.1+N_DRB5_0101_2471.24","esxa","I+N","dataii_mtb_esxa/esxa_iedbii.csv"
"HLA-DRB1*03:01+HLA-DRB4*01:01+HLA-DRB1*15:01+DRB1_0301+DRB1_0701+DRB1_1501+DRB3_0101+DRB3_0202+DRB4_0101+DRB5_0101","1+P9WNK7","SIHSLLDEGKQSLTK","LLDEGKQSL","I_HLA-DRB1*03:01_1071.7+I_HLA-DRB1*15:01_9211.4+N_DRB1_0301_1262.28+N_DRB1_0701_6992.26+N_DRB1_1501_4299.03+N_DRB4_0101_1435.59","esxa","I+N","dataii_mtb_esxa/esxa_iedbii.csv"
"HLA-DRB3*01:01+DRB3_0101+DRB3_0202","1+P9WNK7","SIHSLLDEGKQSLTK","SLLDEGKQS","I_HLA-DRB3*01:01_3493+N_DRB3_0101_3078.48+N_DRB3_0202_11683.53","esxa","I+N","dataii_mtb_esxa/esxa_iedbii.csv"
"HLA-DRB1*07:01+HLA-DRB1*03:01+HLA-DRB3*01:01+DRB1_0701+DRB3_0101","1+P9WNK7","SLLDEGKQSLTKLAA","GKQSLTKLA","N_DRB1_0701_4422.26","esxa","I+N","dataii_mtb_esxa/esxa_netmhciipan.csv"
"HLA-DRB4*01:01+HLA-DRB1*15:01+DRB1_0301+DRB1_1501+DRB3_0202+DRB4_0101+DRB5_0101","1+P9WNK7","SLLDEGKQSLTKLAA","KQSLTKLAA","N_DRB4_0101_1588.51+N_DRB5_0101_2076.48","esxa","I+N","dataii_mtb_esxa/esxa_netmhciipan.csv"
"HLA-DRB1*03:01+HLA-DRB4*01:01+HLA-DRB1*15:01+DRB1_0301+DRB1_0701+DRB1_1501+DRB3_0101+DRB3_0202+DRB4_0101+DRB5_0101","1+P9WNK7","SLLDEGKQSLTKLAA","LLDEGKQSL","I_HLA-DRB1*03:01_1406.2+I_HLA-DRB4*01:01_710.5+I_HLA-DRB1*15:01_7008.7+N_DRB1_0301_2742.62+N_DRB1_1501_4702.2+N_DRB3_0101_7147.07+N_DRB3_0202_13217.29","esxa","I+N","dataii_mtb_esxa/esxa_iedbii.csv"
"HLA-DRB3*01:01+DRB3_0101+DRB3_0202","1+P9WNK7","SLLDEGKQSLTKLAA","SLLDEGKQS","I_HLA-DRB3*01:01_10721.1","esxa","I+N","dataii_mtb_esxa/esxa_iedbii.csv"
"HLA-DRB3*01:01+HLA-DRB1*15:01+HLA-DRB1*03:01+HLA-DRB4*01:01+DRB1_0301+DRB1_0701+DRB1_1501+DRB3_0101+DRB3_0202+DRB4_0101+DRB5_0101","1+P9WNK7","SLTKLAAAWGGSGSE","LAAAWGGSG","I_HLA-DRB3*01:01_30797.6+I_HLA-DRB1*03:01_39889.6+N_DRB1_0301_13479.71+N_DRB1_0701_1852.92+N_DRB1_1501_2143.13+N_DRB3_0101_14622.65+N_DRB3_0202_9493.25+N_DRB5_0101_1378.06","esxa","I+N","dataii_mtb_esxa/esxa_iedbii.csv"
"HLA-DRB1*15:01+HLA-DRB4*01:01+DRB1_0301+DRB1_0701+DRB1_1501+DRB3_0101+DRB3_0202+DRB4_0101+DRB5_0101","1+P9WNK7","SLTKLAAAWGGSGSE","LTKLAAAWG","I_HLA-DRB1*15:01_1805.1+N_DRB4_0101_2700.02","esxa","I+N","dataii_mtb_esxa/esxa_iedbii.csv"
"HLA-DRB3*01:01+HLA-DRB4*01:01+DRB3_0101","1+P9WNK7","TATELNNALQNLART","ELNNALQNL","I_HLA-DRB3*01:01_15538.9+N_DRB3_0101_6341.41","esxa","I+N","dataii_mtb_esxa/esxa_iedbii.csv"
"HLA-DRB1*03:01+HLA-DRB5*01:01+HLA-DRB4*01:01+HLA-DRB1*15:01+HLA-DRB1*07:01+DRB1_0301+DRB1_0701+DRB1_1501+DRB4_0101+DRB5_0101","1+P9WNK7","TATELNNALQNLART","LNNALQNLA","I_HLA-DRB1*03:01_3280.6+I_HLA-DRB5*01:01_3348+I_HLA-DRB4*01:01_313.4+I_HLA-DRB1*15:01_6853.3+I_HLA-DRB1*07:01_5893.8+N_DRB1_0301_5636.07+N_DRB1_0701_3244.27+N_DRB1_1501_3550.37+N_DRB4_0101_1169.65","esxa","I+N","dataii_mtb_esxa/esxa_iedbii.csv"
"HLA-DRB1*03:01+HLA-DRB5*01:01+HLA-DRB1*07:01+HLA-DRB3*01:01+HLA-DRB1*15:01+DRB1_0301+DRB1_0701+DRB1_1501+DRB3_0101+DRB3_0202","1+P9WNK7","TELNNALQNLARTIS","ALQNLARTI","I_HLA-DRB1*07:01_401.7+I_HLA-DRB3*01:01_8763.6+N_DRB1_0301_3824.91+N_DRB1_0701_951.39+N_DRB1_1501_1674.17+N_DRB3_0101_4941.68+N_DRB3_0202_560.2","esxa","I+N","dataii_mtb_esxa/esxa_iedbii.csv"
"HLA-DRB1*03:01+HLA-DRB5*01:01+HLA-DRB4*01:01+HLA-DRB1*15:01+HLA-DRB1*07:01+DRB1_0301+DRB1_0701+DRB1_1501+DRB4_0101+DRB5_0101","1+P9WNK7","TELNNALQNLARTIS","LNNALQNLA","I_HLA-DRB1*03:01_4538.5+I_HLA-DRB5*01:01_3477.5+I_HLA-DRB4*01:01_157.2","esxa","I+N","dataii_mtb_esxa/esxa_iedbii.csv"
"HLA-DRB4*01:01+DRB1_0301+DRB1_1501+DRB4_0101+DRB5_0101","1+P9WNK7","TELNNALQNLARTIS","LQNLARTIS","N_DRB4_0101_495.58+N_DRB5_0101_1397.58","esxa","I+N","dataii_mtb_esxa/esxa_netmhciipan.csv"
"HLA-DRB5*01:01+HLA-DRB3*01:01+HLA-DRB1*07:01+HLA-DRB1*03:01+DRB1_0301+DRB1_0701+DRB1_1501+DRB3_0101+DRB3_0202+DRB4_0101+DRB5_0101","1+P9WNK7","TEQQWNFAGIEAAAS","FAGIEAAAS","I_HLA-DRB5*01:01_30.7+I_HLA-DRB1*07:01_1713.1+N_DRB1_0701_533.49+N_DRB1_1501_2576.5+N_DRB3_0202_2930.76+N_DRB5_0101_1117.39","esxa","I+N","dataii_mtb_esxa/esxa_iedbii.csv"
"HLA-DRB1*15:01+DRB1_1501","1+P9WNK7","TEQQWNFAGIEAAAS","QWNFAGIEA","I_HLA-DRB1*15:01_3147.9","esxa","I+N","dataii_mtb_esxa/esxa_iedbii.csv"
"HLA-DRB4*01:01+HLA-DRB1*07:01+HLA-DRB5*01:01+DRB1_0301+DRB1_0701+DRB3_0101+DRB3_0202+DRB4_0101+DRB5_0101","1+P9WNK7","TEQQWNFAGIEAAAS","WNFAGIEAA","I_HLA-DRB4*01:01_1606.9+N_DRB1_0301_10970.02+N_DRB3_0101_5027.43+N_DRB4_0101_3578.68","esxa","I+N","dataii_mtb_esxa/esxa_iedbii.csv"
"HLA-DRB1*03:01+HLA-DRB4*01:01+HLA-DRB5*01:01+HLA-DRB1*15:01+HLA-DRB1*07:01+DRB1_0301+DRB1_0701+DRB1_1501+DRB3_0101+DRB3_0202+DRB4_0101+DRB5_0101","1+P9WNK7","TISEAGQAMASTEGN","ISEAGQAMA","I_HLA-DRB1*03:01_11145+I_HLA-DRB4*01:01_1041.9+I_HLA-DRB5*01:01_16388.5+I_HLA-DRB1*15:01_7449.7+I_HLA-DRB1*07:01_4936.7+N_DRB1_0301_11544.18+N_DRB1_0701_6573.7+N_DRB1_1501_10920.99+N_DRB3_0101_14479.85+N_DRB3_0202_18596.15+N_DRB4_0101_6418.51+N_DRB5_0101_10530.07","esxa","I+N","dataii_mtb_esxa/esxa_iedbii.csv"
"HLA-DRB5*01:01+HLA-DRB4*01:01+HLA-DRB3*01:01+DRB1_0301+DRB3_0101+DRB3_0202","1+P9WNK7","TISEAGQAMASTEGN","TISEAGQAM","I_HLA-DRB3*01:01_30364.5","esxa","I+N","dataii_mtb_esxa/esxa_iedbii.csv"
"HLA-DRB3*01:01+HLA-DRB1*15:01+HLA-DRB1*03:01+HLA-DRB4*01:01+DRB1_0301+DRB1_0701+DRB1_1501+DRB3_0101+DRB3_0202+DRB4_0101+DRB5_0101","1+P9WNK7","TKLAAAWGGSGSEAY","LAAAWGGSG","I_HLA-DRB1*15:01_5827.7+N_DRB1_0301_15856.84+N_DRB1_0701_2786.86+N_DRB1_1501_4058.56+N_DRB3_0202_11076.88+N_DRB4_0101_6192.11+N_DRB5_0101_3133.33","esxa","I+N","dataii_mtb_esxa/esxa_iedbii.csv"
"HLA-DRB1*03:01+HLA-DRB5*01:01+HLA-DRB1*15:01+HLA-DRB1*07:01+HLA-DRB3*01:01+DRB1_0301+DRB1_0701+DRB1_1501+DRB3_0101+DRB3_0202+DRB4_0101+DRB5_0101","1+P9WNK7","TKLAAAWGGSGSEAY","WGGSGSEAY","I_HLA-DRB1*03:01_30347.8+I_HLA-DRB1*07:01_3023.8+I_HLA-DRB3*01:01_19261.7+N_DRB3_0101_9421.11","esxa","I+N","dataii_mtb_esxa/esxa_iedbii.csv"
"HLA-DRB5*01:01+HLA-DRB4*01:01+HLA-DRB1*15:01+DRB1_0301+DRB1_0701+DRB1_1501+DRB4_0101+DRB5_0101","1+P9WNK7","TSIHSLLDEGKQSLT","IHSLLDEGK","I_HLA-DRB5*01:01_140.3+I_HLA-DRB4*01:01_512.8+I_HLA-DRB1*15:01_10574.2+N_DRB1_0701_6360.37+N_DRB1_1501_4066.47+N_DRB4_0101_1342.64+N_DRB5_0101_2140.09","esxa","I+N","dataii_mtb_esxa/esxa_iedbii.csv"
"HLA-DRB1*03:01+HLA-DRB4*01:01+HLA-DRB1*15:01+DRB1_0301+DRB1_0701+DRB1_1501+DRB3_0101+DRB3_0202+DRB4_0101+DRB5_0101","1+P9WNK7","TSIHSLLDEGKQSLT","LLDEGKQSL","I_HLA-DRB1*03:01_1967.6+N_DRB1_0301_1586.21","esxa","I+N","dataii_mtb_esxa/esxa_iedbii.csv"
"HLA-DRB3*01:01+DRB3_0101+DRB3_0202","1+P9WNK7","TSIHSLLDEGKQSLT","SLLDEGKQS","I_HLA-DRB3*01:01_3786.4+N_DRB3_0101_3152.1+N_DRB3_0202_12849.54","esxa","I+N","dataii_mtb_esxa/esxa_iedbii.csv"
"HLA-DRB1*07:01+HLA-DRB5*01:01+DRB1_0701","1+P9WNK7","VQQKWDATATELNNA","KWDATATEL","I_HLA-DRB1*07:01_172.8+I_HLA-DRB5*01:01_16149.3","esxa","I+N","dataii_mtb_esxa/esxa_iedbii.csv"
"HLA-DRB1*03:01+HLA-DRB3*01:01+DRB1_0301+DRB3_0101+DRB3_0202","1+P9WNK7","VQQKWDATATELNNA","QKWDATATE","I_HLA-DRB3*01:01_7726.4+I_HLA-DRB1*03:01_12161.3+N_DRB1_0301_9639.09+N_DRB3_0101_5361.61","esxa","I+N","dataii_mtb_esxa/esxa_iedbii.csv"
"HLA-DRB1*03:01+HLA-DRB3*01:01+HLA-DRB1*15:01+DRB1_0301+DRB1_1501+DRB3_0202+DRB4_0101+DRB5_0101","1+P9WNK7","VQQKWDATATELNNA","VQQKWDATA","I_HLA-DRB1*15:01_12206","esxa","I+N","dataii_mtb_esxa/esxa_iedbii.csv"
"HLA-DRB1*07:01+HLA-DRB1*03:01+HLA-DRB4*01:01+DRB1_0701+DRB1_1501+DRB3_0101+DRB3_0202+DRB4_0101+DRB5_0101","1+P9WNK7","VQQKWDATATELNNA","WDATATELN","I_HLA-DRB4*01:01_9064.5+N_DRB1_0701_4117.43+N_DRB3_0202_9116.27+N_DRB5_0101_9870.75","esxa","I+N","dataii_mtb_esxa/esxa_iedbii.csv"
"HLA-DRB5*01:01+HLA-DRB4*01:01+HLA-DRB1*15:01+DRB1_0301+DRB1_0701+DRB1_1501+DRB4_0101+DRB5_0101","1+P9WNK7","VTSIHSLLDEGKQSL","IHSLLDEGK","I_HLA-DRB5*01:01_70.3+I_HLA-DRB4*01:01_440.7+I_HLA-DRB1*15:01_10574.8+N_DRB1_0701_3609.13+N_DRB1_1501_3120.17+N_DRB4_0101_994+N_DRB5_0101_1811.66","esxa","I+N","dataii_mtb_esxa/esxa_iedbii.csv"
"HLA-DRB1*03:01+HLA-DRB4*01:01+HLA-DRB1*15:01+DRB1_0301+DRB1_0701+DRB1_1501+DRB3_0101+DRB3_0202+DRB4_0101+DRB5_0101","1+P9WNK7","VTSIHSLLDEGKQSL","LLDEGKQSL","I_HLA-DRB1*03:01_3094.8+N_DRB1_0301_2214.74","esxa","I+N","dataii_mtb_esxa/esxa_iedbii.csv"
"HLA-DRB3*01:01+DRB3_0101+DRB3_0202","1+P9WNK7","VTSIHSLLDEGKQSL","SLLDEGKQS","I_HLA-DRB3*01:01_4258.2+N_DRB3_0101_3507.38+N_DRB3_0202_13614.7","esxa","I+N","dataii_mtb_esxa/esxa_iedbii.csv"
"HLA-DRB1*07:01+HLA-DRB1*03:01+HLA-DRB5*01:01+DRB1_0301+DRB1_0701+DRB1_1501+DRB3_0101+DRB3_0202+DRB4_0101+DRB5_0101","1+P9WNK7","VTSIHSLLDEGKQSL","VTSIHSLLD","I_HLA-DRB1*07:01_117.7","esxa","I+N","dataii_mtb_esxa/esxa_iedbii.csv"
"HLA-DRB3*01:01+HLA-DRB4*01:01+DRB3_0101","1+P9WNK7","WDATATELNNALQNL","ELNNALQNL","I_HLA-DRB3*01:01_18740.4+I_HLA-DRB4*01:01_2295.1","esxa","I+N","dataii_mtb_esxa/esxa_iedbii.csv"
"HLA-DRB5*01:01+HLA-DRB3*01:01+HLA-DRB1*03:01+HLA-DRB1*15:01+DRB1_0301+DRB1_1501+DRB4_0101","1+P9WNK7","WDATATELNNALQNL","TATELNNAL","I_HLA-DRB5*01:01_5228.6+I_HLA-DRB1*03:01_18011.6+I_HLA-DRB1*15:01_13154.4","esxa","I+N","dataii_mtb_esxa/esxa_iedbii.csv"
"HLA-DRB1*07:01+HLA-DRB1*03:01+HLA-DRB4*01:01+DRB1_0701+DRB1_1501+DRB3_0101+DRB3_0202+DRB4_0101+DRB5_0101","1+P9WNK7","WDATATELNNALQNL","WDATATELN","I_HLA-DRB1*07:01_1027.3","esxa","I+N","dataii_mtb_esxa/esxa_iedbii.csv"
"HLA-DRB5*01:01+HLA-DRB3*01:01+DRB1_0301+DRB3_0202+DRB4_0101+DRB5_0101","1+P9WNK7","WGGSGSEAYQGVQQK","EAYQGVQQK","I_HLA-DRB5*01:01_1170.1+N_DRB1_0301_20821.11+N_DRB4_0101_10067.38+N_DRB5_0101_10209.32","esxa","I+N","dataii_mtb_esxa/esxa_iedbii.csv"
"HLA-DRB1*03:01+HLA-DRB5*01:01+HLA-DRB1*15:01+HLA-DRB1*07:01+HLA-DRB3*01:01+DRB1_0301+DRB1_0701+DRB1_1501+DRB3_0101+DRB3_0202+DRB4_0101+DRB5_0101","1+P9WNK7","WGGSGSEAYQGVQQK","WGGSGSEAY","I_HLA-DRB1*03:01_33097.7+I_HLA-DRB1*15:01_15465.1+I_HLA-DRB3*01:01_24686.8+I_HLA-DRB1*07:01_9007.8+N_DRB3_0101_15944.06","esxa","I+N","dataii_mtb_esxa/esxa_iedbii.csv"
"HLA-DRB5*01:01+HLA-DRB3*01:01+HLA-DRB1*07:01+HLA-DRB1*03:01+DRB1_0301+DRB1_0701+DRB1_1501+DRB3_0101+DRB3_0202+DRB4_0101+DRB5_0101","1+P9WNK7","WNFAGIEAAASAIQG","FAGIEAAAS","I_HLA-DRB5*01:01_10.9+I_HLA-DRB3*01:01_14359.7+N_DRB1_0701_238.53+N_DRB1_1501_1122.85+N_DRB3_0101_5906.66+N_DRB3_0202_1425.73+N_DRB4_0101_1502.66+N_DRB5_0101_258.24","esxa","I+N","dataii_mtb_esxa/esxa_iedbii.csv"
"HLA-DRB4*01:01+HLA-DRB1*07:01+HLA-DRB5*01:01+HLA-DRB1*15:01+HLA-DRB1*03:01+DRB1_0301+DRB1_0701+DRB1_1501+DRB3_0101+DRB3_0202+DRB4_0101+DRB5_0101","1+P9WNK7","WNFAGIEAAASAIQG","IEAAASAIQ","I_HLA-DRB1*15:01_3608.8+I_HLA-DRB1*03:01_6669.3+N_DRB1_0301_8354.04","esxa","I+N","dataii_mtb_esxa/esxa_iedbii.csv"
"HLA-DRB4*01:01+HLA-DRB1*07:01+HLA-DRB5*01:01+DRB1_0301+DRB1_0701+DRB3_0101+DRB3_0202+DRB4_0101+DRB5_0101","1+P9WNK7","WNFAGIEAAASAIQG","WNFAGIEAA","I_HLA-DRB4*01:01_1102.8","esxa","I+N","dataii_mtb_esxa/esxa_iedbii.csv"
"HLA-DRB1*07:01+HLA-DRB5*01:01+DRB1_0701","1+P9WNK7","YQGVQQKWDATATEL","KWDATATEL","I_HLA-DRB1*07:01_212.3+N_DRB1_0701_5537.36","esxa","I+N","dataii_mtb_esxa/esxa_iedbii.csv"
"HLA-DRB1*03:01+HLA-DRB3*01:01+DRB1_0301+DRB3_0101+DRB3_0202","1+P9WNK7","YQGVQQKWDATATEL","QKWDATATE","I_HLA-DRB3*01:01_6423.9+N_DRB1_0301_7959.96+N_DRB3_0101_5073","esxa","I+N","dataii_mtb_esxa/esxa_iedbii.csv"
"HLA-DRB1*03:01+HLA-DRB3*01:01+HLA-DRB1*15:01+DRB1_0301+DRB1_1501+DRB3_0202+DRB4_0101+DRB5_0101","1+P9WNK7","YQGVQQKWDATATEL","VQQKWDATA","I_HLA-DRB1*03:01_14793.2+I_HLA-DRB1*15:01_8268.5+N_DRB1_1501_5712.75+N_DRB3_0202_11541.55+N_DRB4_0101_3200.52+N_DRB5_0101_7205.23","esxa","I+N","dataii_mtb_esxa/esxa_iedbii.csv"
"HLA-DRB5*01:01+HLA-DRB4*01:01+HLA-DRB1*07:01+HLA-DRB1*15:01+HLA-DRB3*01:01+DRB1_0701+DRB1_1501+DRB3_0101+DRB3_0202+DRB5_0101","1+P9WNK7","YQGVQQKWDATATEL","YQGVQQKWD","I_HLA-DRB5*01:01_6153+I_HLA-DRB4*01:01_1240.5","esxa","I+N","dataii_mtb_esxa/esxa_iedbii.csv"
