"allele";"full_peptide";"seq_num";"core";"ic50"
"DRB1_0301";"MTEQQWNFAGIEAAA";"P9WNK7";"WNFAGIEAA";11151.56
"DRB1_0301";"TEQQWNFAGIEAAAS";"P9WNK7";"WNFAGIEAA";10970.02
"DRB1_0301";"EQQWNFAGIEAAASA";"P9WNK7";"WNFAGIEAA";9981.91
"DRB1_0301";"QQWNFAGIEAAASAI";"P9WNK7";"FAGIEAAAS";9529.17
"DRB1_0301";"QWNFAGIEAAASAIQ";"P9WNK7";"IEAAASAIQ";8627.7
"DRB1_0301";"WNFAGIEAAASAIQG";"P9WNK7";"IEAAASAIQ";8354.04
"DRB1_0301";"NFAGIEAAASAIQGN";"P9WNK7";"IEAAASAIQ";8395.36
"DRB1_0301";"FAGIEAAASAIQGNV";"P9WNK7";"IEAAASAIQ";7759.45
"DRB1_0301";"AGIEAAASAIQGNVT";"P9WNK7";"IEAAASAIQ";9569.88
"DRB1_0301";"GIEAAASAIQGNVTS";"P9WNK7";"IEAAASAIQ";11462.53
"DRB1_0301";"IEAAASAIQGNVTSI";"P9WNK7";"SAIQGNVTS";12151.02
"DRB1_0301";"EAAASAIQGNVTSIH";"P9WNK7";"IQGNVTSIH";4289.37
"DRB1_0301";"AAASAIQGNVTSIHS";"P9WNK7";"IQGNVTSIH";2475.25
"DRB1_0301";"AASAIQGNVTSIHSL";"P9WNK7";"IQGNVTSIH";1582.28
"DRB1_0301";"ASAIQGNVTSIHSLL";"P9WNK7";"IQGNVTSIH";1236.23
"DRB1_0301";"SAIQGNVTSIHSLLD";"P9WNK7";"IQGNVTSIH";1410.5
"DRB1_0301";"AIQGNVTSIHSLLDE";"P9WNK7";"IQGNVTSIH";1907.76
"DRB1_0301";"IQGNVTSIHSLLDEG";"P9WNK7";"IQGNVTSIH";3787.15
"DRB1_0301";"QGNVTSIHSLLDEGK";"P9WNK7";"VTSIHSLLD";6448.37
"DRB1_0301";"GNVTSIHSLLDEGKQ";"P9WNK7";"VTSIHSLLD";6613.08
"DRB1_0301";"NVTSIHSLLDEGKQS";"P9WNK7";"IHSLLDEGK";5738.46
"DRB1_0301";"VTSIHSLLDEGKQSL";"P9WNK7";"LLDEGKQSL";2214.74
"DRB1_0301";"TSIHSLLDEGKQSLT";"P9WNK7";"LLDEGKQSL";1586.21
"DRB1_0301";"SIHSLLDEGKQSLTK";"P9WNK7";"LLDEGKQSL";1262.28
"DRB1_0301";"IHSLLDEGKQSLTKL";"P9WNK7";"LLDEGKQSL";1192.65
"DRB1_0301";"HSLLDEGKQSLTKLA";"P9WNK7";"LLDEGKQSL";1777.95
"DRB1_0301";"SLLDEGKQSLTKLAA";"P9WNK7";"LLDEGKQSL";2742.62
"DRB1_0301";"LLDEGKQSLTKLAAA";"P9WNK7";"LLDEGKQSL";6098.23
"DRB1_0301";"LDEGKQSLTKLAAAW";"P9WNK7";"KQSLTKLAA";8854.57
"DRB1_0301";"DEGKQSLTKLAAAWG";"P9WNK7";"KQSLTKLAA";9552.5
"DRB1_0301";"EGKQSLTKLAAAWGG";"P9WNK7";"KQSLTKLAA";9248.61
"DRB1_0301";"GKQSLTKLAAAWGGS";"P9WNK7";"KQSLTKLAA";9809.95
"DRB1_0301";"KQSLTKLAAAWGGSG";"P9WNK7";"LTKLAAAWG";11310.62
"DRB1_0301";"QSLTKLAAAWGGSGS";"P9WNK7";"LAAAWGGSG";12541.85
"DRB1_0301";"SLTKLAAAWGGSGSE";"P9WNK7";"LAAAWGGSG";13479.71
"DRB1_0301";"LTKLAAAWGGSGSEA";"P9WNK7";"LAAAWGGSG";14245.05
"DRB1_0301";"TKLAAAWGGSGSEAY";"P9WNK7";"LAAAWGGSG";15856.84
"DRB1_0301";"KLAAAWGGSGSEAYQ";"P9WNK7";"LAAAWGGSG";16870.3
"DRB1_0301";"LAAAWGGSGSEAYQG";"P9WNK7";"WGGSGSEAY";20307.82
"DRB1_0301";"AAAWGGSGSEAYQGV";"P9WNK7";"WGGSGSEAY";19936.84
"DRB1_0301";"AAWGGSGSEAYQGVQ";"P9WNK7";"WGGSGSEAY";21191.34
"DRB1_0301";"AWGGSGSEAYQGVQQ";"P9WNK7";"WGGSGSEAY";22265.51
"DRB1_0301";"WGGSGSEAYQGVQQK";"P9WNK7";"EAYQGVQQK";20821.11
"DRB1_0301";"GGSGSEAYQGVQQKW";"P9WNK7";"EAYQGVQQK";17968.17
"DRB1_0301";"GSGSEAYQGVQQKWD";"P9WNK7";"EAYQGVQQK";17463.13
"DRB1_0301";"SGSEAYQGVQQKWDA";"P9WNK7";"EAYQGVQQK";15495.41
"DRB1_0301";"GSEAYQGVQQKWDAT";"P9WNK7";"EAYQGVQQK";14383.66
"DRB1_0301";"SEAYQGVQQKWDATA";"P9WNK7";"QGVQQKWDA";12963.21
"DRB1_0301";"EAYQGVQQKWDATAT";"P9WNK7";"VQQKWDATA";11931.11
"DRB1_0301";"AYQGVQQKWDATATE";"P9WNK7";"QKWDATATE";10578.94
"DRB1_0301";"YQGVQQKWDATATEL";"P9WNK7";"QKWDATATE";7959.96
"DRB1_0301";"QGVQQKWDATATELN";"P9WNK7";"QKWDATATE";8103.7
"DRB1_0301";"GVQQKWDATATELNN";"P9WNK7";"QKWDATATE";8643.95
"DRB1_0301";"VQQKWDATATELNNA";"P9WNK7";"QKWDATATE";9639.09
"DRB1_0301";"QQKWDATATELNNAL";"P9WNK7";"QKWDATATE";11667.61
"DRB1_0301";"QKWDATATELNNALQ";"P9WNK7";"TATELNNAL";13857.24
"DRB1_0301";"KWDATATELNNALQN";"P9WNK7";"TATELNNAL";13569.26
"DRB1_0301";"WDATATELNNALQNL";"P9WNK7";"TELNNALQN";10689.17
"DRB1_0301";"DATATELNNALQNLA";"P9WNK7";"TELNNALQN";8861.38
"DRB1_0301";"ATATELNNALQNLAR";"P9WNK7";"LNNALQNLA";6296.49
"DRB1_0301";"TATELNNALQNLART";"P9WNK7";"LNNALQNLA";5636.07
"DRB1_0301";"ATELNNALQNLARTI";"P9WNK7";"LNNALQNLA";4457.52
"DRB1_0301";"TELNNALQNLARTIS";"P9WNK7";"ALQNLARTI";3824.91
"DRB1_0301";"ELNNALQNLARTISE";"P9WNK7";"LQNLARTIS";3670.48
"DRB1_0301";"LNNALQNLARTISEA";"P9WNK7";"LQNLARTIS";3360.71
"DRB1_0301";"NNALQNLARTISEAG";"P9WNK7";"LQNLARTIS";4259.26
"DRB1_0301";"NALQNLARTISEAGQ";"P9WNK7";"LQNLARTIS";4401.16
"DRB1_0301";"ALQNLARTISEAGQA";"P9WNK7";"LARTISEAG";4590.7
"DRB1_0301";"LQNLARTISEAGQAM";"P9WNK7";"LARTISEAG";4538.7
"DRB1_0301";"QNLARTISEAGQAMA";"P9WNK7";"LARTISEAG";4663.7
"DRB1_0301";"NLARTISEAGQAMAS";"P9WNK7";"TISEAGQAM";4293.92
"DRB1_0301";"LARTISEAGQAMAST";"P9WNK7";"TISEAGQAM";4191.1
"DRB1_0301";"ARTISEAGQAMASTE";"P9WNK7";"ISEAGQAMA";5303.8
"DRB1_0301";"RTISEAGQAMASTEG";"P9WNK7";"ISEAGQAMA";6445.17
"DRB1_0301";"TISEAGQAMASTEGN";"P9WNK7";"ISEAGQAMA";11544.18
"DRB1_0301";"ISEAGQAMASTEGNV";"P9WNK7";"AMASTEGNV";19361.37
"DRB1_0301";"SEAGQAMASTEGNVT";"P9WNK7";"AMASTEGNV";18886.11
"DRB1_0301";"EAGQAMASTEGNVTG";"P9WNK7";"MASTEGNVT";17779.23
"DRB1_0301";"AGQAMASTEGNVTGM";"P9WNK7";"MASTEGNVT";15086.62
"DRB1_0301";"GQAMASTEGNVTGMF";"P9WNK7";"MASTEGNVT";12176.42
"DRB1_0301";"QAMASTEGNVTGMFA";"P9WNK7";"MASTEGNVT";11670.39
"DRB1_0701";"MTEQQWNFAGIEAAA";"P9WNK7";"WNFAGIEAA";1044.7
"DRB1_0701";"TEQQWNFAGIEAAAS";"P9WNK7";"FAGIEAAAS";533.49
"DRB1_0701";"EQQWNFAGIEAAASA";"P9WNK7";"FAGIEAAAS";331.03
"DRB1_0701";"QQWNFAGIEAAASAI";"P9WNK7";"FAGIEAAAS";215.17
"DRB1_0701";"QWNFAGIEAAASAIQ";"P9WNK7";"FAGIEAAAS";195.18
"DRB1_0701";"WNFAGIEAAASAIQG";"P9WNK7";"FAGIEAAAS";238.53
"DRB1_0701";"NFAGIEAAASAIQGN";"P9WNK7";"FAGIEAAAS";355.11
"DRB1_0701";"FAGIEAAASAIQGNV";"P9WNK7";"IEAAASAIQ";466.35
"DRB1_0701";"AGIEAAASAIQGNVT";"P9WNK7";"IEAAASAIQ";923.95
"DRB1_0701";"GIEAAASAIQGNVTS";"P9WNK7";"IEAAASAIQ";1329.93
"DRB1_0701";"IEAAASAIQGNVTSI";"P9WNK7";"ASAIQGNVT";1784.16
"DRB1_0701";"EAAASAIQGNVTSIH";"P9WNK7";"IQGNVTSIH";2033.65
"DRB1_0701";"AAASAIQGNVTSIHS";"P9WNK7";"IQGNVTSIH";1622.84
"DRB1_0701";"AASAIQGNVTSIHSL";"P9WNK7";"IQGNVTSIH";1005.12
"DRB1_0701";"ASAIQGNVTSIHSLL";"P9WNK7";"IQGNVTSIH";534.77
"DRB1_0701";"SAIQGNVTSIHSLLD";"P9WNK7";"IQGNVTSIH";525
"DRB1_0701";"AIQGNVTSIHSLLDE";"P9WNK7";"VTSIHSLLD";541.75
"DRB1_0701";"IQGNVTSIHSLLDEG";"P9WNK7";"VTSIHSLLD";669.22
"DRB1_0701";"QGNVTSIHSLLDEGK";"P9WNK7";"VTSIHSLLD";804.18
"DRB1_0701";"GNVTSIHSLLDEGKQ";"P9WNK7";"VTSIHSLLD";1047.03
"DRB1_0701";"NVTSIHSLLDEGKQS";"P9WNK7";"VTSIHSLLD";1786.19
"DRB1_0701";"VTSIHSLLDEGKQSL";"P9WNK7";"IHSLLDEGK";3609.13
"DRB1_0701";"TSIHSLLDEGKQSLT";"P9WNK7";"IHSLLDEGK";6360.37
"DRB1_0701";"SIHSLLDEGKQSLTK";"P9WNK7";"LLDEGKQSL";6992.26
"DRB1_0701";"IHSLLDEGKQSLTKL";"P9WNK7";"LLDEGKQSL";6482.58
"DRB1_0701";"HSLLDEGKQSLTKLA";"P9WNK7";"GKQSLTKLA";5821.26
"DRB1_0701";"SLLDEGKQSLTKLAA";"P9WNK7";"GKQSLTKLA";4422.26
"DRB1_0701";"LLDEGKQSLTKLAAA";"P9WNK7";"GKQSLTKLA";3014.86
"DRB1_0701";"LDEGKQSLTKLAAAW";"P9WNK7";"QSLTKLAAA";2007.01
"DRB1_0701";"DEGKQSLTKLAAAWG";"P9WNK7";"LTKLAAAWG";1427.66
"DRB1_0701";"EGKQSLTKLAAAWGG";"P9WNK7";"LTKLAAAWG";1227.64
"DRB1_0701";"GKQSLTKLAAAWGGS";"P9WNK7";"LTKLAAAWG";1053.05
"DRB1_0701";"KQSLTKLAAAWGGSG";"P9WNK7";"LTKLAAAWG";1203.09
"DRB1_0701";"QSLTKLAAAWGGSGS";"P9WNK7";"LTKLAAAWG";1390.1
"DRB1_0701";"SLTKLAAAWGGSGSE";"P9WNK7";"LAAAWGGSG";1852.92
"DRB1_0701";"LTKLAAAWGGSGSEA";"P9WNK7";"LAAAWGGSG";2212.06
"DRB1_0701";"TKLAAAWGGSGSEAY";"P9WNK7";"LAAAWGGSG";2786.86
"DRB1_0701";"KLAAAWGGSGSEAYQ";"P9WNK7";"WGGSGSEAY";3050.89
"DRB1_0701";"LAAAWGGSGSEAYQG";"P9WNK7";"WGGSGSEAY";4326.66
"DRB1_0701";"AAAWGGSGSEAYQGV";"P9WNK7";"WGGSGSEAY";3929.66
"DRB1_0701";"AAWGGSGSEAYQGVQ";"P9WNK7";"WGGSGSEAY";4713
"DRB1_0701";"AWGGSGSEAYQGVQQ";"P9WNK7";"WGGSGSEAY";5961.74
"DRB1_0701";"WGGSGSEAYQGVQQK";"P9WNK7";"SEAYQGVQQ";8419.47
"DRB1_0701";"GGSGSEAYQGVQQKW";"P9WNK7";"SEAYQGVQQ";9090.76
"DRB1_0701";"GSGSEAYQGVQQKWD";"P9WNK7";"SEAYQGVQQ";8918.71
"DRB1_0701";"SGSEAYQGVQQKWDA";"P9WNK7";"YQGVQQKWD";7442.22
"DRB1_0701";"GSEAYQGVQQKWDAT";"P9WNK7";"YQGVQQKWD";7158.68
"DRB1_0701";"SEAYQGVQQKWDATA";"P9WNK7";"YQGVQQKWD";6665.73
"DRB1_0701";"EAYQGVQQKWDATAT";"P9WNK7";"YQGVQQKWD";6852.06
"DRB1_0701";"AYQGVQQKWDATATE";"P9WNK7";"YQGVQQKWD";7762.98
"DRB1_0701";"YQGVQQKWDATATEL";"P9WNK7";"KWDATATEL";5537.36
"DRB1_0701";"QGVQQKWDATATELN";"P9WNK7";"WDATATELN";4816
"DRB1_0701";"GVQQKWDATATELNN";"P9WNK7";"WDATATELN";4842.38
"DRB1_0701";"VQQKWDATATELNNA";"P9WNK7";"WDATATELN";4117.43
"DRB1_0701";"QQKWDATATELNNAL";"P9WNK7";"WDATATELN";3725.78
"DRB1_0701";"QKWDATATELNNALQ";"P9WNK7";"WDATATELN";4361.11
"DRB1_0701";"KWDATATELNNALQN";"P9WNK7";"WDATATELN";5451.4
"DRB1_0701";"WDATATELNNALQNL";"P9WNK7";"TELNNALQN";5845.18
"DRB1_0701";"DATATELNNALQNLA";"P9WNK7";"LNNALQNLA";4780.23
"DRB1_0701";"ATATELNNALQNLAR";"P9WNK7";"LNNALQNLA";3523.09
"DRB1_0701";"TATELNNALQNLART";"P9WNK7";"LNNALQNLA";3244.27
"DRB1_0701";"ATELNNALQNLARTI";"P9WNK7";"ALQNLARTI";1131.02
"DRB1_0701";"TELNNALQNLARTIS";"P9WNK7";"ALQNLARTI";951.39
"DRB1_0701";"ELNNALQNLARTISE";"P9WNK7";"ALQNLARTI";1072.69
"DRB1_0701";"LNNALQNLARTISEA";"P9WNK7";"ALQNLARTI";919.12
"DRB1_0701";"NNALQNLARTISEAG";"P9WNK7";"ALQNLARTI";1001.95
"DRB1_0701";"NALQNLARTISEAGQ";"P9WNK7";"LARTISEAG";940.06
"DRB1_0701";"ALQNLARTISEAGQA";"P9WNK7";"LARTISEAG";871.29
"DRB1_0701";"LQNLARTISEAGQAM";"P9WNK7";"LARTISEAG";748.55
"DRB1_0701";"QNLARTISEAGQAMA";"P9WNK7";"LARTISEAG";992.53
"DRB1_0701";"NLARTISEAGQAMAS";"P9WNK7";"LARTISEAG";1239.92
"DRB1_0701";"LARTISEAGQAMAST";"P9WNK7";"ISEAGQAMA";1631.52
"DRB1_0701";"ARTISEAGQAMASTE";"P9WNK7";"ISEAGQAMA";2577.44
"DRB1_0701";"RTISEAGQAMASTEG";"P9WNK7";"ISEAGQAMA";3367.41
"DRB1_0701";"TISEAGQAMASTEGN";"P9WNK7";"ISEAGQAMA";6573.7
"DRB1_0701";"ISEAGQAMASTEGNV";"P9WNK7";"AMASTEGNV";8353.5
"DRB1_0701";"SEAGQAMASTEGNVT";"P9WNK7";"MASTEGNVT";4495.83
"DRB1_0701";"EAGQAMASTEGNVTG";"P9WNK7";"MASTEGNVT";3880.56
"DRB1_0701";"AGQAMASTEGNVTGM";"P9WNK7";"MASTEGNVT";2571.01
"DRB1_0701";"GQAMASTEGNVTGMF";"P9WNK7";"MASTEGNVT";1841.85
"DRB1_0701";"QAMASTEGNVTGMFA";"P9WNK7";"MASTEGNVT";2010.83
"DRB1_1501";"MTEQQWNFAGIEAAA";"P9WNK7";"QWNFAGIEA";3404.15
"DRB1_1501";"TEQQWNFAGIEAAAS";"P9WNK7";"FAGIEAAAS";2576.5
"DRB1_1501";"EQQWNFAGIEAAASA";"P9WNK7";"FAGIEAAAS";1581.92
"DRB1_1501";"QQWNFAGIEAAASAI";"P9WNK7";"FAGIEAAAS";1018.36
"DRB1_1501";"QWNFAGIEAAASAIQ";"P9WNK7";"FAGIEAAAS";963.24
"DRB1_1501";"WNFAGIEAAASAIQG";"P9WNK7";"FAGIEAAAS";1122.85
"DRB1_1501";"NFAGIEAAASAIQGN";"P9WNK7";"FAGIEAAAS";1546.8
"DRB1_1501";"FAGIEAAASAIQGNV";"P9WNK7";"IEAAASAIQ";1873.95
"DRB1_1501";"AGIEAAASAIQGNVT";"P9WNK7";"IEAAASAIQ";3537.45
"DRB1_1501";"GIEAAASAIQGNVTS";"P9WNK7";"IEAAASAIQ";4715.71
"DRB1_1501";"IEAAASAIQGNVTSI";"P9WNK7";"ASAIQGNVT";5777.9
"DRB1_1501";"EAAASAIQGNVTSIH";"P9WNK7";"IQGNVTSIH";4364.08
"DRB1_1501";"AAASAIQGNVTSIHS";"P9WNK7";"IQGNVTSIH";3121.14
"DRB1_1501";"AASAIQGNVTSIHSL";"P9WNK7";"IQGNVTSIH";2116.1
"DRB1_1501";"ASAIQGNVTSIHSLL";"P9WNK7";"IQGNVTSIH";1294.39
"DRB1_1501";"SAIQGNVTSIHSLLD";"P9WNK7";"IQGNVTSIH";1119.37
"DRB1_1501";"AIQGNVTSIHSLLDE";"P9WNK7";"VTSIHSLLD";1024.9
"DRB1_1501";"IQGNVTSIHSLLDEG";"P9WNK7";"VTSIHSLLD";1099.84
"DRB1_1501";"QGNVTSIHSLLDEGK";"P9WNK7";"VTSIHSLLD";1127.94
"DRB1_1501";"GNVTSIHSLLDEGKQ";"P9WNK7";"VTSIHSLLD";1380.82
"DRB1_1501";"NVTSIHSLLDEGKQS";"P9WNK7";"VTSIHSLLD";2081.56
"DRB1_1501";"VTSIHSLLDEGKQSL";"P9WNK7";"IHSLLDEGK";3120.17
"DRB1_1501";"TSIHSLLDEGKQSLT";"P9WNK7";"IHSLLDEGK";4066.47
"DRB1_1501";"SIHSLLDEGKQSLTK";"P9WNK7";"LLDEGKQSL";4299.03
"DRB1_1501";"IHSLLDEGKQSLTKL";"P9WNK7";"LLDEGKQSL";4383.77
"DRB1_1501";"HSLLDEGKQSLTKLA";"P9WNK7";"LLDEGKQSL";5382.13
"DRB1_1501";"SLLDEGKQSLTKLAA";"P9WNK7";"LLDEGKQSL";4702.2
"DRB1_1501";"LLDEGKQSLTKLAAA";"P9WNK7";"KQSLTKLAA";4258.52
"DRB1_1501";"LDEGKQSLTKLAAAW";"P9WNK7";"KQSLTKLAA";3208.87
"DRB1_1501";"DEGKQSLTKLAAAWG";"P9WNK7";"LTKLAAAWG";2000.37
"DRB1_1501";"EGKQSLTKLAAAWGG";"P9WNK7";"LTKLAAAWG";1492.69
"DRB1_1501";"GKQSLTKLAAAWGGS";"P9WNK7";"LTKLAAAWG";1203.35
"DRB1_1501";"KQSLTKLAAAWGGSG";"P9WNK7";"LTKLAAAWG";1322.08
"DRB1_1501";"QSLTKLAAAWGGSGS";"P9WNK7";"LTKLAAAWG";1655.33
"DRB1_1501";"SLTKLAAAWGGSGSE";"P9WNK7";"LAAAWGGSG";2143.13
"DRB1_1501";"LTKLAAAWGGSGSEA";"P9WNK7";"LAAAWGGSG";2515.1
"DRB1_1501";"TKLAAAWGGSGSEAY";"P9WNK7";"LAAAWGGSG";4058.56
"DRB1_1501";"KLAAAWGGSGSEAYQ";"P9WNK7";"LAAAWGGSG";5674.43
"DRB1_1501";"LAAAWGGSGSEAYQG";"P9WNK7";"AAAWGGSGS";11284.1
"DRB1_1501";"AAAWGGSGSEAYQGV";"P9WNK7";"WGGSGSEAY";16136.01
"DRB1_1501";"AAWGGSGSEAYQGVQ";"P9WNK7";"WGGSGSEAY";17772.69
"DRB1_1501";"AWGGSGSEAYQGVQQ";"P9WNK7";"SEAYQGVQQ";15413.98
"DRB1_1501";"WGGSGSEAYQGVQQK";"P9WNK7";"SEAYQGVQQ";11869.05
"DRB1_1501";"GGSGSEAYQGVQQKW";"P9WNK7";"SEAYQGVQQ";9217.44
"DRB1_1501";"GSGSEAYQGVQQKWD";"P9WNK7";"SEAYQGVQQ";9697.56
"DRB1_1501";"SGSEAYQGVQQKWDA";"P9WNK7";"SEAYQGVQQ";8688.78
"DRB1_1501";"GSEAYQGVQQKWDAT";"P9WNK7";"YQGVQQKWD";8377.39
"DRB1_1501";"SEAYQGVQQKWDATA";"P9WNK7";"YQGVQQKWD";7247.53
"DRB1_1501";"EAYQGVQQKWDATAT";"P9WNK7";"VQQKWDATA";6369.39
"DRB1_1501";"AYQGVQQKWDATATE";"P9WNK7";"VQQKWDATA";6609
"DRB1_1501";"YQGVQQKWDATATEL";"P9WNK7";"VQQKWDATA";5712.75
"DRB1_1501";"QGVQQKWDATATELN";"P9WNK7";"VQQKWDATA";7063.96
"DRB1_1501";"GVQQKWDATATELNN";"P9WNK7";"VQQKWDATA";8396.18
"DRB1_1501";"VQQKWDATATELNNA";"P9WNK7";"QQKWDATAT";10498.1
"DRB1_1501";"QQKWDATATELNNAL";"P9WNK7";"WDATATELN";12944.84
"DRB1_1501";"QKWDATATELNNALQ";"P9WNK7";"TATELNNAL";13352.69
"DRB1_1501";"KWDATATELNNALQN";"P9WNK7";"TATELNNAL";12925.81
"DRB1_1501";"WDATATELNNALQNL";"P9WNK7";"TELNNALQN";10711.16
"DRB1_1501";"DATATELNNALQNLA";"P9WNK7";"LNNALQNLA";7539.31
"DRB1_1501";"ATATELNNALQNLAR";"P9WNK7";"LNNALQNLA";4418.05
"DRB1_1501";"TATELNNALQNLART";"P9WNK7";"LNNALQNLA";3550.37
"DRB1_1501";"ATELNNALQNLARTI";"P9WNK7";"LNNALQNLA";2107.55
"DRB1_1501";"TELNNALQNLARTIS";"P9WNK7";"ALQNLARTI";1674.17
"DRB1_1501";"ELNNALQNLARTISE";"P9WNK7";"LQNLARTIS";1755.44
"DRB1_1501";"LNNALQNLARTISEA";"P9WNK7";"LQNLARTIS";1538.84
"DRB1_1501";"NNALQNLARTISEAG";"P9WNK7";"LQNLARTIS";2057.73
"DRB1_1501";"NALQNLARTISEAGQ";"P9WNK7";"LQNLARTIS";2192.21
"DRB1_1501";"ALQNLARTISEAGQA";"P9WNK7";"LARTISEAG";2395.47
"DRB1_1501";"LQNLARTISEAGQAM";"P9WNK7";"LARTISEAG";2544.99
"DRB1_1501";"QNLARTISEAGQAMA";"P9WNK7";"LARTISEAG";3416.11
"DRB1_1501";"NLARTISEAGQAMAS";"P9WNK7";"LARTISEAG";3566.27
"DRB1_1501";"LARTISEAGQAMAST";"P9WNK7";"ISEAGQAMA";3677.04
"DRB1_1501";"ARTISEAGQAMASTE";"P9WNK7";"ISEAGQAMA";4974.56
"DRB1_1501";"RTISEAGQAMASTEG";"P9WNK7";"ISEAGQAMA";6258.39
"DRB1_1501";"TISEAGQAMASTEGN";"P9WNK7";"ISEAGQAMA";10920.99
"DRB1_1501";"ISEAGQAMASTEGNV";"P9WNK7";"GQAMASTEG";16288.09
"DRB1_1501";"SEAGQAMASTEGNVT";"P9WNK7";"MASTEGNVT";14283.32
"DRB1_1501";"EAGQAMASTEGNVTG";"P9WNK7";"MASTEGNVT";13020.56
"DRB1_1501";"AGQAMASTEGNVTGM";"P9WNK7";"MASTEGNVT";10479.49
"DRB1_1501";"GQAMASTEGNVTGMF";"P9WNK7";"MASTEGNVT";8741.39
"DRB1_1501";"QAMASTEGNVTGMFA";"P9WNK7";"MASTEGNVT";8996.05
"DRB3_0101";"MTEQQWNFAGIEAAA";"P9WNK7";"WNFAGIEAA";5412.67
"DRB3_0101";"TEQQWNFAGIEAAAS";"P9WNK7";"WNFAGIEAA";5027.43
"DRB3_0101";"EQQWNFAGIEAAASA";"P9WNK7";"WNFAGIEAA";4808.97
"DRB3_0101";"QQWNFAGIEAAASAI";"P9WNK7";"FAGIEAAAS";4551.38
"DRB3_0101";"QWNFAGIEAAASAIQ";"P9WNK7";"FAGIEAAAS";4814.9
"DRB3_0101";"WNFAGIEAAASAIQG";"P9WNK7";"FAGIEAAAS";5906.66
"DRB3_0101";"NFAGIEAAASAIQGN";"P9WNK7";"FAGIEAAAS";7419.38
"DRB3_0101";"FAGIEAAASAIQGNV";"P9WNK7";"IEAAASAIQ";8377.12
"DRB3_0101";"AGIEAAASAIQGNVT";"P9WNK7";"IEAAASAIQ";10769.5
"DRB3_0101";"GIEAAASAIQGNVTS";"P9WNK7";"IEAAASAIQ";12178.26
"DRB3_0101";"IEAAASAIQGNVTSI";"P9WNK7";"AIQGNVTSI";10609.09
"DRB3_0101";"EAAASAIQGNVTSIH";"P9WNK7";"IQGNVTSIH";5158.46
"DRB3_0101";"AAASAIQGNVTSIHS";"P9WNK7";"IQGNVTSIH";3970
"DRB3_0101";"AASAIQGNVTSIHSL";"P9WNK7";"IQGNVTSIH";2715.52
"DRB3_0101";"ASAIQGNVTSIHSLL";"P9WNK7";"IQGNVTSIH";2192.45
"DRB3_0101";"SAIQGNVTSIHSLLD";"P9WNK7";"IQGNVTSIH";2484.11
"DRB3_0101";"AIQGNVTSIHSLLDE";"P9WNK7";"IQGNVTSIH";3352.79
"DRB3_0101";"IQGNVTSIHSLLDEG";"P9WNK7";"VTSIHSLLD";5746.04
"DRB3_0101";"QGNVTSIHSLLDEGK";"P9WNK7";"VTSIHSLLD";7908.88
"DRB3_0101";"GNVTSIHSLLDEGKQ";"P9WNK7";"VTSIHSLLD";8307.44
"DRB3_0101";"NVTSIHSLLDEGKQS";"P9WNK7";"SLLDEGKQS";6398.27
"DRB3_0101";"VTSIHSLLDEGKQSL";"P9WNK7";"SLLDEGKQS";3507.38
"DRB3_0101";"TSIHSLLDEGKQSLT";"P9WNK7";"SLLDEGKQS";3152.1
"DRB3_0101";"SIHSLLDEGKQSLTK";"P9WNK7";"SLLDEGKQS";3078.48
"DRB3_0101";"IHSLLDEGKQSLTKL";"P9WNK7";"SLLDEGKQS";3223.7
"DRB3_0101";"HSLLDEGKQSLTKLA";"P9WNK7";"LLDEGKQSL";4729.71
"DRB3_0101";"SLLDEGKQSLTKLAA";"P9WNK7";"LLDEGKQSL";7147.07
"DRB3_0101";"LLDEGKQSLTKLAAA";"P9WNK7";"LLDEGKQSL";11514.11
"DRB3_0101";"LDEGKQSLTKLAAAW";"P9WNK7";"GKQSLTKLA";14168.5
"DRB3_0101";"DEGKQSLTKLAAAWG";"P9WNK7";"LTKLAAAWG";14492.7
"DRB3_0101";"EGKQSLTKLAAAWGG";"P9WNK7";"LTKLAAAWG";14569.9
"DRB3_0101";"GKQSLTKLAAAWGGS";"P9WNK7";"LTKLAAAWG";14494.27
"DRB3_0101";"KQSLTKLAAAWGGSG";"P9WNK7";"LAAAWGGSG";13993.3
"DRB3_0101";"QSLTKLAAAWGGSGS";"P9WNK7";"LAAAWGGSG";13951.12
"DRB3_0101";"SLTKLAAAWGGSGSE";"P9WNK7";"LAAAWGGSG";14622.65
"DRB3_0101";"LTKLAAAWGGSGSEA";"P9WNK7";"LAAAWGGSG";14455.74
"DRB3_0101";"TKLAAAWGGSGSEAY";"P9WNK7";"WGGSGSEAY";9421.11
"DRB3_0101";"KLAAAWGGSGSEAYQ";"P9WNK7";"WGGSGSEAY";8836.58
"DRB3_0101";"LAAAWGGSGSEAYQG";"P9WNK7";"WGGSGSEAY";10586.96
"DRB3_0101";"AAAWGGSGSEAYQGV";"P9WNK7";"WGGSGSEAY";9792.03
"DRB3_0101";"AAWGGSGSEAYQGVQ";"P9WNK7";"WGGSGSEAY";11038.48
"DRB3_0101";"AWGGSGSEAYQGVQQ";"P9WNK7";"WGGSGSEAY";13142
"DRB3_0101";"WGGSGSEAYQGVQQK";"P9WNK7";"WGGSGSEAY";15944.06
"DRB3_0101";"GGSGSEAYQGVQQKW";"P9WNK7";"AYQGVQQKW";15265.93
"DRB3_0101";"GSGSEAYQGVQQKWD";"P9WNK7";"YQGVQQKWD";13404.8
"DRB3_0101";"SGSEAYQGVQQKWDA";"P9WNK7";"YQGVQQKWD";12362
"DRB3_0101";"GSEAYQGVQQKWDAT";"P9WNK7";"YQGVQQKWD";11814.72
"DRB3_0101";"SEAYQGVQQKWDATA";"P9WNK7";"YQGVQQKWD";11383.92
"DRB3_0101";"EAYQGVQQKWDATAT";"P9WNK7";"YQGVQQKWD";10152.59
"DRB3_0101";"AYQGVQQKWDATATE";"P9WNK7";"QKWDATATE";7868.17
"DRB3_0101";"YQGVQQKWDATATEL";"P9WNK7";"QKWDATATE";5073
"DRB3_0101";"QGVQQKWDATATELN";"P9WNK7";"QKWDATATE";4836.94
"DRB3_0101";"GVQQKWDATATELNN";"P9WNK7";"QKWDATATE";5013.03
"DRB3_0101";"VQQKWDATATELNNA";"P9WNK7";"QKWDATATE";5361.61
"DRB3_0101";"QQKWDATATELNNAL";"P9WNK7";"WDATATELN";6254.66
"DRB3_0101";"QKWDATATELNNALQ";"P9WNK7";"WDATATELN";8385.19
"DRB3_0101";"KWDATATELNNALQN";"P9WNK7";"WDATATELN";9465.05
"DRB3_0101";"WDATATELNNALQNL";"P9WNK7";"TELNNALQN";7474.74
"DRB3_0101";"DATATELNNALQNLA";"P9WNK7";"ELNNALQNL";6686.46
"DRB3_0101";"ATATELNNALQNLAR";"P9WNK7";"ELNNALQNL";6153.9
"DRB3_0101";"TATELNNALQNLART";"P9WNK7";"ELNNALQNL";6341.41
"DRB3_0101";"ATELNNALQNLARTI";"P9WNK7";"ALQNLARTI";4824.18
"DRB3_0101";"TELNNALQNLARTIS";"P9WNK7";"ALQNLARTI";4941.68
"DRB3_0101";"ELNNALQNLARTISE";"P9WNK7";"ALQNLARTI";5443.56
"DRB3_0101";"LNNALQNLARTISEA";"P9WNK7";"ALQNLARTI";5628.51
"DRB3_0101";"NNALQNLARTISEAG";"P9WNK7";"ALQNLARTI";6803.89
"DRB3_0101";"NALQNLARTISEAGQ";"P9WNK7";"ALQNLARTI";7674.7
"DRB3_0101";"ALQNLARTISEAGQA";"P9WNK7";"LARTISEAG";8973.1
"DRB3_0101";"LQNLARTISEAGQAM";"P9WNK7";"TISEAGQAM";6718.52
"DRB3_0101";"QNLARTISEAGQAMA";"P9WNK7";"TISEAGQAM";5932.4
"DRB3_0101";"NLARTISEAGQAMAS";"P9WNK7";"TISEAGQAM";5920.48
"DRB3_0101";"LARTISEAGQAMAST";"P9WNK7";"TISEAGQAM";6035.93
"DRB3_0101";"ARTISEAGQAMASTE";"P9WNK7";"TISEAGQAM";7594.41
"DRB3_0101";"RTISEAGQAMASTEG";"P9WNK7";"TISEAGQAM";9385.81
"DRB3_0101";"TISEAGQAMASTEGN";"P9WNK7";"ISEAGQAMA";14479.85
"DRB3_0101";"ISEAGQAMASTEGNV";"P9WNK7";"AMASTEGNV";18147.72
"DRB3_0101";"SEAGQAMASTEGNVT";"P9WNK7";"MASTEGNVT";15401.47
"DRB3_0101";"EAGQAMASTEGNVTG";"P9WNK7";"MASTEGNVT";15673.64
"DRB3_0101";"AGQAMASTEGNVTGM";"P9WNK7";"MASTEGNVT";13599.24
"DRB3_0101";"GQAMASTEGNVTGMF";"P9WNK7";"MASTEGNVT";9774.35
"DRB3_0101";"QAMASTEGNVTGMFA";"P9WNK7";"TEGNVTGMF";9383.57
"DRB3_0202";"MTEQQWNFAGIEAAA";"P9WNK7";"WNFAGIEAA";5379.04
"DRB3_0202";"TEQQWNFAGIEAAAS";"P9WNK7";"FAGIEAAAS";2930.76
"DRB3_0202";"EQQWNFAGIEAAASA";"P9WNK7";"FAGIEAAAS";1572.83
"DRB3_0202";"QQWNFAGIEAAASAI";"P9WNK7";"FAGIEAAAS";1058.13
"DRB3_0202";"QWNFAGIEAAASAIQ";"P9WNK7";"FAGIEAAAS";1068.83
"DRB3_0202";"WNFAGIEAAASAIQG";"P9WNK7";"FAGIEAAAS";1425.73
"DRB3_0202";"NFAGIEAAASAIQGN";"P9WNK7";"FAGIEAAAS";2212.64
"DRB3_0202";"FAGIEAAASAIQGNV";"P9WNK7";"IEAAASAIQ";3972.92
"DRB3_0202";"AGIEAAASAIQGNVT";"P9WNK7";"IEAAASAIQ";7307.13
"DRB3_0202";"GIEAAASAIQGNVTS";"P9WNK7";"IEAAASAIQ";8654.16
"DRB3_0202";"IEAAASAIQGNVTSI";"P9WNK7";"SAIQGNVTS";6751.09
"DRB3_0202";"EAAASAIQGNVTSIH";"P9WNK7";"IQGNVTSIH";1195.82
"DRB3_0202";"AAASAIQGNVTSIHS";"P9WNK7";"IQGNVTSIH";543.11
"DRB3_0202";"AASAIQGNVTSIHSL";"P9WNK7";"IQGNVTSIH";287.4
"DRB3_0202";"ASAIQGNVTSIHSLL";"P9WNK7";"IQGNVTSIH";214.43
"DRB3_0202";"SAIQGNVTSIHSLLD";"P9WNK7";"IQGNVTSIH";258.61
"DRB3_0202";"AIQGNVTSIHSLLDE";"P9WNK7";"IQGNVTSIH";430.97
"DRB3_0202";"IQGNVTSIHSLLDEG";"P9WNK7";"IQGNVTSIH";1460.28
"DRB3_0202";"QGNVTSIHSLLDEGK";"P9WNK7";"VTSIHSLLD";7162.17
"DRB3_0202";"GNVTSIHSLLDEGKQ";"P9WNK7";"VTSIHSLLD";8988.26
"DRB3_0202";"NVTSIHSLLDEGKQS";"P9WNK7";"VTSIHSLLD";12409.97
"DRB3_0202";"VTSIHSLLDEGKQSL";"P9WNK7";"SLLDEGKQS";13614.7
"DRB3_0202";"TSIHSLLDEGKQSLT";"P9WNK7";"SLLDEGKQS";12849.54
"DRB3_0202";"SIHSLLDEGKQSLTK";"P9WNK7";"SLLDEGKQS";11683.53
"DRB3_0202";"IHSLLDEGKQSLTKL";"P9WNK7";"LLDEGKQSL";11824.06
"DRB3_0202";"HSLLDEGKQSLTKLA";"P9WNK7";"LLDEGKQSL";13645.97
"DRB3_0202";"SLLDEGKQSLTKLAA";"P9WNK7";"LLDEGKQSL";13217.29
"DRB3_0202";"LLDEGKQSLTKLAAA";"P9WNK7";"KQSLTKLAA";11348.5
"DRB3_0202";"LDEGKQSLTKLAAAW";"P9WNK7";"KQSLTKLAA";9424.99
"DRB3_0202";"DEGKQSLTKLAAAWG";"P9WNK7";"QSLTKLAAA";8982.92
"DRB3_0202";"EGKQSLTKLAAAWGG";"P9WNK7";"LTKLAAAWG";8077.87
"DRB3_0202";"GKQSLTKLAAAWGGS";"P9WNK7";"LTKLAAAWG";7599.83
"DRB3_0202";"KQSLTKLAAAWGGSG";"P9WNK7";"LTKLAAAWG";8018.83
"DRB3_0202";"QSLTKLAAAWGGSGS";"P9WNK7";"LAAAWGGSG";8574.28
"DRB3_0202";"SLTKLAAAWGGSGSE";"P9WNK7";"LAAAWGGSG";9493.25
"DRB3_0202";"LTKLAAAWGGSGSEA";"P9WNK7";"LAAAWGGSG";9641.17
"DRB3_0202";"TKLAAAWGGSGSEAY";"P9WNK7";"LAAAWGGSG";11076.88
"DRB3_0202";"KLAAAWGGSGSEAYQ";"P9WNK7";"LAAAWGGSG";12435.78
"DRB3_0202";"LAAAWGGSGSEAYQG";"P9WNK7";"WGGSGSEAY";15682.8
"DRB3_0202";"AAAWGGSGSEAYQGV";"P9WNK7";"WGGSGSEAY";15886.89
"DRB3_0202";"AAWGGSGSEAYQGVQ";"P9WNK7";"WGGSGSEAY";17818.13
"DRB3_0202";"AWGGSGSEAYQGVQQ";"P9WNK7";"WGGSGSEAY";20654.62
"DRB3_0202";"WGGSGSEAYQGVQQK";"P9WNK7";"SEAYQGVQQ";23343.82
"DRB3_0202";"GGSGSEAYQGVQQKW";"P9WNK7";"EAYQGVQQK";21859.48
"DRB3_0202";"GSGSEAYQGVQQKWD";"P9WNK7";"AYQGVQQKW";21818.13
"DRB3_0202";"SGSEAYQGVQQKWDA";"P9WNK7";"AYQGVQQKW";19720.79
"DRB3_0202";"GSEAYQGVQQKWDAT";"P9WNK7";"YQGVQQKWD";18970.29
"DRB3_0202";"SEAYQGVQQKWDATA";"P9WNK7";"YQGVQQKWD";16542.24
"DRB3_0202";"EAYQGVQQKWDATAT";"P9WNK7";"VQQKWDATA";14618.38
"DRB3_0202";"AYQGVQQKWDATATE";"P9WNK7";"VQQKWDATA";14176.47
"DRB3_0202";"YQGVQQKWDATATEL";"P9WNK7";"VQQKWDATA";11541.55
"DRB3_0202";"QGVQQKWDATATELN";"P9WNK7";"QKWDATATE";10473.48
"DRB3_0202";"GVQQKWDATATELNN";"P9WNK7";"WDATATELN";9901.34
"DRB3_0202";"VQQKWDATATELNNA";"P9WNK7";"WDATATELN";9116.27
"DRB3_0202";"QQKWDATATELNNAL";"P9WNK7";"WDATATELN";9060.62
"DRB3_0202";"QKWDATATELNNALQ";"P9WNK7";"WDATATELN";10168.97
"DRB3_0202";"KWDATATELNNALQN";"P9WNK7";"TELNNALQN";6335.3
"DRB3_0202";"WDATATELNNALQNL";"P9WNK7";"TELNNALQN";2808.75
"DRB3_0202";"DATATELNNALQNLA";"P9WNK7";"TELNNALQN";1702.15
"DRB3_0202";"ATATELNNALQNLAR";"P9WNK7";"TELNNALQN";1108.29
"DRB3_0202";"TATELNNALQNLART";"P9WNK7";"TELNNALQN";1130.67
"DRB3_0202";"ATELNNALQNLARTI";"P9WNK7";"ALQNLARTI";726.3
"DRB3_0202";"TELNNALQNLARTIS";"P9WNK7";"ALQNLARTI";560.2
"DRB3_0202";"ELNNALQNLARTISE";"P9WNK7";"ALQNLARTI";599
"DRB3_0202";"LNNALQNLARTISEA";"P9WNK7";"ALQNLARTI";514.14
"DRB3_0202";"NNALQNLARTISEAG";"P9WNK7";"ALQNLARTI";814.96
"DRB3_0202";"NALQNLARTISEAGQ";"P9WNK7";"ALQNLARTI";1274.41
"DRB3_0202";"ALQNLARTISEAGQA";"P9WNK7";"LARTISEAG";2538.83
"DRB3_0202";"LQNLARTISEAGQAM";"P9WNK7";"LARTISEAG";2988.36
"DRB3_0202";"QNLARTISEAGQAMA";"P9WNK7";"LARTISEAG";3917.52
"DRB3_0202";"NLARTISEAGQAMAS";"P9WNK7";"LARTISEAG";5328.7
"DRB3_0202";"LARTISEAGQAMAST";"P9WNK7";"TISEAGQAM";7137.03
"DRB3_0202";"ARTISEAGQAMASTE";"P9WNK7";"ISEAGQAMA";9823.87
"DRB3_0202";"RTISEAGQAMASTEG";"P9WNK7";"ISEAGQAMA";12294.64
"DRB3_0202";"TISEAGQAMASTEGN";"P9WNK7";"ISEAGQAMA";18596.15
"DRB3_0202";"ISEAGQAMASTEGNV";"P9WNK7";"QAMASTEGN";20210.93
"DRB3_0202";"SEAGQAMASTEGNVT";"P9WNK7";"MASTEGNVT";15807.5
"DRB3_0202";"EAGQAMASTEGNVTG";"P9WNK7";"MASTEGNVT";13923.37
"DRB3_0202";"AGQAMASTEGNVTGM";"P9WNK7";"MASTEGNVT";10869.83
"DRB3_0202";"GQAMASTEGNVTGMF";"P9WNK7";"MASTEGNVT";8679.1
"DRB3_0202";"QAMASTEGNVTGMFA";"P9WNK7";"MASTEGNVT";9212.75
"DRB4_0101";"MTEQQWNFAGIEAAA";"P9WNK7";"WNFAGIEAA";3520.76
"DRB4_0101";"TEQQWNFAGIEAAAS";"P9WNK7";"WNFAGIEAA";3578.68
"DRB4_0101";"EQQWNFAGIEAAASA";"P9WNK7";"FAGIEAAAS";2355.43
"DRB4_0101";"QQWNFAGIEAAASAI";"P9WNK7";"FAGIEAAAS";1779.57
"DRB4_0101";"QWNFAGIEAAASAIQ";"P9WNK7";"FAGIEAAAS";1581.19
"DRB4_0101";"WNFAGIEAAASAIQG";"P9WNK7";"FAGIEAAAS";1502.66
"DRB4_0101";"NFAGIEAAASAIQGN";"P9WNK7";"IEAAASAIQ";1703.07
"DRB4_0101";"FAGIEAAASAIQGNV";"P9WNK7";"IEAAASAIQ";1663.06
"DRB4_0101";"AGIEAAASAIQGNVT";"P9WNK7";"IEAAASAIQ";2479.97
"DRB4_0101";"GIEAAASAIQGNVTS";"P9WNK7";"IEAAASAIQ";2907.98
"DRB4_0101";"IEAAASAIQGNVTSI";"P9WNK7";"SAIQGNVTS";3072.76
"DRB4_0101";"EAAASAIQGNVTSIH";"P9WNK7";"IQGNVTSIH";2363.24
"DRB4_0101";"AAASAIQGNVTSIHS";"P9WNK7";"IQGNVTSIH";1628.15
"DRB4_0101";"AASAIQGNVTSIHSL";"P9WNK7";"IQGNVTSIH";1100.23
"DRB4_0101";"ASAIQGNVTSIHSLL";"P9WNK7";"IQGNVTSIH";762.18
"DRB4_0101";"SAIQGNVTSIHSLLD";"P9WNK7";"IQGNVTSIH";634.39
"DRB4_0101";"AIQGNVTSIHSLLDE";"P9WNK7";"VTSIHSLLD";558.31
"DRB4_0101";"IQGNVTSIHSLLDEG";"P9WNK7";"VTSIHSLLD";600.78
"DRB4_0101";"QGNVTSIHSLLDEGK";"P9WNK7";"VTSIHSLLD";578.09
"DRB4_0101";"GNVTSIHSLLDEGKQ";"P9WNK7";"VTSIHSLLD";609.48
"DRB4_0101";"NVTSIHSLLDEGKQS";"P9WNK7";"VTSIHSLLD";752.48
"DRB4_0101";"VTSIHSLLDEGKQSL";"P9WNK7";"IHSLLDEGK";994
"DRB4_0101";"TSIHSLLDEGKQSLT";"P9WNK7";"IHSLLDEGK";1342.64
"DRB4_0101";"SIHSLLDEGKQSLTK";"P9WNK7";"LLDEGKQSL";1435.59
"DRB4_0101";"IHSLLDEGKQSLTKL";"P9WNK7";"LLDEGKQSL";1815.04
"DRB4_0101";"HSLLDEGKQSLTKLA";"P9WNK7";"LLDEGKQSL";2334.3
"DRB4_0101";"SLLDEGKQSLTKLAA";"P9WNK7";"KQSLTKLAA";1588.51
"DRB4_0101";"LLDEGKQSLTKLAAA";"P9WNK7";"KQSLTKLAA";1180.5
"DRB4_0101";"LDEGKQSLTKLAAAW";"P9WNK7";"KQSLTKLAA";1047.92
"DRB4_0101";"DEGKQSLTKLAAAWG";"P9WNK7";"KQSLTKLAA";1041.73
"DRB4_0101";"EGKQSLTKLAAAWGG";"P9WNK7";"KQSLTKLAA";913.61
"DRB4_0101";"GKQSLTKLAAAWGGS";"P9WNK7";"KQSLTKLAA";941.85
"DRB4_0101";"KQSLTKLAAAWGGSG";"P9WNK7";"LTKLAAAWG";1236.66
"DRB4_0101";"QSLTKLAAAWGGSGS";"P9WNK7";"LTKLAAAWG";2087.7
"DRB4_0101";"SLTKLAAAWGGSGSE";"P9WNK7";"LTKLAAAWG";2700.02
"DRB4_0101";"LTKLAAAWGGSGSEA";"P9WNK7";"LAAAWGGSG";3556.99
"DRB4_0101";"TKLAAAWGGSGSEAY";"P9WNK7";"LAAAWGGSG";6192.11
"DRB4_0101";"KLAAAWGGSGSEAYQ";"P9WNK7";"LAAAWGGSG";8219.64
"DRB4_0101";"LAAAWGGSGSEAYQG";"P9WNK7";"AAAWGGSGS";14334.1
"DRB4_0101";"AAAWGGSGSEAYQGV";"P9WNK7";"WGGSGSEAY";17595.13
"DRB4_0101";"AAWGGSGSEAYQGVQ";"P9WNK7";"WGGSGSEAY";18511.24
"DRB4_0101";"AWGGSGSEAYQGVQQ";"P9WNK7";"SEAYQGVQQ";14858.69
"DRB4_0101";"WGGSGSEAYQGVQQK";"P9WNK7";"EAYQGVQQK";10067.38
"DRB4_0101";"GGSGSEAYQGVQQKW";"P9WNK7";"EAYQGVQQK";7127.07
"DRB4_0101";"GSGSEAYQGVQQKWD";"P9WNK7";"EAYQGVQQK";7406.63
"DRB4_0101";"SGSEAYQGVQQKWDA";"P9WNK7";"EAYQGVQQK";5705.59
"DRB4_0101";"GSEAYQGVQQKWDAT";"P9WNK7";"QGVQQKWDA";4824.03
"DRB4_0101";"SEAYQGVQQKWDATA";"P9WNK7";"QGVQQKWDA";3836.23
"DRB4_0101";"EAYQGVQQKWDATAT";"P9WNK7";"QGVQQKWDA";3320.38
"DRB4_0101";"AYQGVQQKWDATATE";"P9WNK7";"QGVQQKWDA";3319.66
"DRB4_0101";"YQGVQQKWDATATEL";"P9WNK7";"VQQKWDATA";3200.52
"DRB4_0101";"QGVQQKWDATATELN";"P9WNK7";"VQQKWDATA";4258.66
"DRB4_0101";"GVQQKWDATATELNN";"P9WNK7";"VQQKWDATA";5502.54
"DRB4_0101";"VQQKWDATATELNNA";"P9WNK7";"QQKWDATAT";7605.35
"DRB4_0101";"QQKWDATATELNNAL";"P9WNK7";"WDATATELN";9300.19
"DRB4_0101";"QKWDATATELNNALQ";"P9WNK7";"TATELNNAL";9224.92
"DRB4_0101";"KWDATATELNNALQN";"P9WNK7";"TATELNNAL";8247.7
"DRB4_0101";"WDATATELNNALQNL";"P9WNK7";"TELNNALQN";5999.53
"DRB4_0101";"DATATELNNALQNLA";"P9WNK7";"LNNALQNLA";3367.37
"DRB4_0101";"ATATELNNALQNLAR";"P9WNK7";"LNNALQNLA";1708.59
"DRB4_0101";"TATELNNALQNLART";"P9WNK7";"LNNALQNLA";1169.65
"DRB4_0101";"ATELNNALQNLARTI";"P9WNK7";"LNNALQNLA";686.38
"DRB4_0101";"TELNNALQNLARTIS";"P9WNK7";"LQNLARTIS";495.58
"DRB4_0101";"ELNNALQNLARTISE";"P9WNK7";"LQNLARTIS";456.92
"DRB4_0101";"LNNALQNLARTISEA";"P9WNK7";"LQNLARTIS";404.46
"DRB4_0101";"NNALQNLARTISEAG";"P9WNK7";"LQNLARTIS";503.96
"DRB4_0101";"NALQNLARTISEAGQ";"P9WNK7";"LQNLARTIS";505.65
"DRB4_0101";"ALQNLARTISEAGQA";"P9WNK7";"LARTISEAG";495.21
"DRB4_0101";"LQNLARTISEAGQAM";"P9WNK7";"LARTISEAG";534.26
"DRB4_0101";"QNLARTISEAGQAMA";"P9WNK7";"LARTISEAG";868.96
"DRB4_0101";"NLARTISEAGQAMAS";"P9WNK7";"LARTISEAG";1203.43
"DRB4_0101";"LARTISEAGQAMAST";"P9WNK7";"ISEAGQAMA";1628.1
"DRB4_0101";"ARTISEAGQAMASTE";"P9WNK7";"ISEAGQAMA";2408.41
"DRB4_0101";"RTISEAGQAMASTEG";"P9WNK7";"ISEAGQAMA";3124.83
"DRB4_0101";"TISEAGQAMASTEGN";"P9WNK7";"ISEAGQAMA";6418.51
"DRB4_0101";"ISEAGQAMASTEGNV";"P9WNK7";"ISEAGQAMA";11053.54
"DRB4_0101";"SEAGQAMASTEGNVT";"P9WNK7";"MASTEGNVT";11357.35
"DRB4_0101";"EAGQAMASTEGNVTG";"P9WNK7";"MASTEGNVT";10677.03
"DRB4_0101";"AGQAMASTEGNVTGM";"P9WNK7";"MASTEGNVT";8894.23
"DRB4_0101";"GQAMASTEGNVTGMF";"P9WNK7";"MASTEGNVT";7720.17
"DRB4_0101";"QAMASTEGNVTGMFA";"P9WNK7";"MASTEGNVT";8256.19
"DRB5_0101";"MTEQQWNFAGIEAAA";"P9WNK7";"WNFAGIEAA";3383.63
"DRB5_0101";"TEQQWNFAGIEAAAS";"P9WNK7";"FAGIEAAAS";1117.39
"DRB5_0101";"EQQWNFAGIEAAASA";"P9WNK7";"FAGIEAAAS";399.48
"DRB5_0101";"QQWNFAGIEAAASAI";"P9WNK7";"FAGIEAAAS";219.33
"DRB5_0101";"QWNFAGIEAAASAIQ";"P9WNK7";"FAGIEAAAS";202.27
"DRB5_0101";"WNFAGIEAAASAIQG";"P9WNK7";"FAGIEAAAS";258.24
"DRB5_0101";"NFAGIEAAASAIQGN";"P9WNK7";"FAGIEAAAS";415.53
"DRB5_0101";"FAGIEAAASAIQGNV";"P9WNK7";"IEAAASAIQ";866.26
"DRB5_0101";"AGIEAAASAIQGNVT";"P9WNK7";"IEAAASAIQ";2381.85
"DRB5_0101";"GIEAAASAIQGNVTS";"P9WNK7";"IEAAASAIQ";3389.45
"DRB5_0101";"IEAAASAIQGNVTSI";"P9WNK7";"IEAAASAIQ";6006.16
"DRB5_0101";"EAAASAIQGNVTSIH";"P9WNK7";"IQGNVTSIH";6209.82
"DRB5_0101";"AAASAIQGNVTSIHS";"P9WNK7";"IQGNVTSIH";4288.16
"DRB5_0101";"AASAIQGNVTSIHSL";"P9WNK7";"IQGNVTSIH";3035.85
"DRB5_0101";"ASAIQGNVTSIHSLL";"P9WNK7";"IQGNVTSIH";2143.55
"DRB5_0101";"SAIQGNVTSIHSLLD";"P9WNK7";"IQGNVTSIH";2300.62
"DRB5_0101";"AIQGNVTSIHSLLDE";"P9WNK7";"VTSIHSLLD";2433.82
"DRB5_0101";"IQGNVTSIHSLLDEG";"P9WNK7";"VTSIHSLLD";3029.35
"DRB5_0101";"QGNVTSIHSLLDEGK";"P9WNK7";"VTSIHSLLD";2493.15
"DRB5_0101";"GNVTSIHSLLDEGKQ";"P9WNK7";"VTSIHSLLD";2189.89
"DRB5_0101";"NVTSIHSLLDEGKQS";"P9WNK7";"IHSLLDEGK";2225.75
"DRB5_0101";"VTSIHSLLDEGKQSL";"P9WNK7";"IHSLLDEGK";1811.66
"DRB5_0101";"TSIHSLLDEGKQSLT";"P9WNK7";"IHSLLDEGK";2140.09
"DRB5_0101";"SIHSLLDEGKQSLTK";"P9WNK7";"IHSLLDEGK";2471.24
"DRB5_0101";"IHSLLDEGKQSLTKL";"P9WNK7";"LLDEGKQSL";3148.99
"DRB5_0101";"HSLLDEGKQSLTKLA";"P9WNK7";"LLDEGKQSL";3737.97
"DRB5_0101";"SLLDEGKQSLTKLAA";"P9WNK7";"KQSLTKLAA";2076.48
"DRB5_0101";"LLDEGKQSLTKLAAA";"P9WNK7";"KQSLTKLAA";1330.37
"DRB5_0101";"LDEGKQSLTKLAAAW";"P9WNK7";"KQSLTKLAA";1040.75
"DRB5_0101";"DEGKQSLTKLAAAWG";"P9WNK7";"KQSLTKLAA";922.31
"DRB5_0101";"EGKQSLTKLAAAWGG";"P9WNK7";"KQSLTKLAA";688.38
"DRB5_0101";"GKQSLTKLAAAWGGS";"P9WNK7";"LTKLAAAWG";588.04
"DRB5_0101";"KQSLTKLAAAWGGSG";"P9WNK7";"LTKLAAAWG";714.49
"DRB5_0101";"QSLTKLAAAWGGSGS";"P9WNK7";"LTKLAAAWG";1023.56
"DRB5_0101";"SLTKLAAAWGGSGSE";"P9WNK7";"LAAAWGGSG";1378.06
"DRB5_0101";"LTKLAAAWGGSGSEA";"P9WNK7";"LAAAWGGSG";1753.67
"DRB5_0101";"TKLAAAWGGSGSEAY";"P9WNK7";"LAAAWGGSG";3133.33
"DRB5_0101";"KLAAAWGGSGSEAYQ";"P9WNK7";"LAAAWGGSG";4693.97
"DRB5_0101";"LAAAWGGSGSEAYQG";"P9WNK7";"WGGSGSEAY";9732.67
"DRB5_0101";"AAAWGGSGSEAYQGV";"P9WNK7";"WGGSGSEAY";11824.7
"DRB5_0101";"AAWGGSGSEAYQGVQ";"P9WNK7";"WGGSGSEAY";13466.29
"DRB5_0101";"AWGGSGSEAYQGVQQ";"P9WNK7";"WGGSGSEAY";14494.74
"DRB5_0101";"WGGSGSEAYQGVQQK";"P9WNK7";"EAYQGVQQK";10209.32
"DRB5_0101";"GGSGSEAYQGVQQKW";"P9WNK7";"EAYQGVQQK";6028.03
"DRB5_0101";"GSGSEAYQGVQQKWD";"P9WNK7";"EAYQGVQQK";5996.87
"DRB5_0101";"SGSEAYQGVQQKWDA";"P9WNK7";"EAYQGVQQK";4297.68
"DRB5_0101";"GSEAYQGVQQKWDAT";"P9WNK7";"YQGVQQKWD";3995.34
"DRB5_0101";"SEAYQGVQQKWDATA";"P9WNK7";"YQGVQQKWD";3994.3
"DRB5_0101";"EAYQGVQQKWDATAT";"P9WNK7";"YQGVQQKWD";4557.59
"DRB5_0101";"AYQGVQQKWDATATE";"P9WNK7";"YQGVQQKWD";5875.11
"DRB5_0101";"YQGVQQKWDATATEL";"P9WNK7";"VQQKWDATA";7205.23
"DRB5_0101";"QGVQQKWDATATELN";"P9WNK7";"VQQKWDATA";8784.06
"DRB5_0101";"GVQQKWDATATELNN";"P9WNK7";"WDATATELN";9547.43
"DRB5_0101";"VQQKWDATATELNNA";"P9WNK7";"WDATATELN";9870.75
"DRB5_0101";"QQKWDATATELNNAL";"P9WNK7";"WDATATELN";10739.71
"DRB5_0101";"QKWDATATELNNALQ";"P9WNK7";"WDATATELN";12195.67
"DRB5_0101";"KWDATATELNNALQN";"P9WNK7";"WDATATELN";13630.62
"DRB5_0101";"WDATATELNNALQNL";"P9WNK7";"TELNNALQN";13330.89
"DRB5_0101";"DATATELNNALQNLA";"P9WNK7";"LNNALQNLA";10171.94
"DRB5_0101";"ATATELNNALQNLAR";"P9WNK7";"LNNALQNLA";4988.25
"DRB5_0101";"TATELNNALQNLART";"P9WNK7";"NNALQNLAR";3330.7
"DRB5_0101";"ATELNNALQNLARTI";"P9WNK7";"NNALQNLAR";1953.32
"DRB5_0101";"TELNNALQNLARTIS";"P9WNK7";"LQNLARTIS";1397.58
"DRB5_0101";"ELNNALQNLARTISE";"P9WNK7";"LQNLARTIS";1379.03
"DRB5_0101";"LNNALQNLARTISEA";"P9WNK7";"LQNLARTIS";1129.19
"DRB5_0101";"NNALQNLARTISEAG";"P9WNK7";"LQNLARTIS";1432.6
"DRB5_0101";"NALQNLARTISEAGQ";"P9WNK7";"LQNLARTIS";1612.02
"DRB5_0101";"ALQNLARTISEAGQA";"P9WNK7";"LQNLARTIS";1845.28
"DRB5_0101";"LQNLARTISEAGQAM";"P9WNK7";"LARTISEAG";2149.12
"DRB5_0101";"QNLARTISEAGQAMA";"P9WNK7";"LARTISEAG";2943.21
"DRB5_0101";"NLARTISEAGQAMAS";"P9WNK7";"ISEAGQAMA";3127.23
"DRB5_0101";"LARTISEAGQAMAST";"P9WNK7";"ISEAGQAMA";3127.7
"DRB5_0101";"ARTISEAGQAMASTE";"P9WNK7";"ISEAGQAMA";4226.98
"DRB5_0101";"RTISEAGQAMASTEG";"P9WNK7";"ISEAGQAMA";5388.6
"DRB5_0101";"TISEAGQAMASTEGN";"P9WNK7";"ISEAGQAMA";10530.07
"DRB5_0101";"ISEAGQAMASTEGNV";"P9WNK7";"GQAMASTEG";14782.36
"DRB5_0101";"SEAGQAMASTEGNVT";"P9WNK7";"MASTEGNVT";13256.1
"DRB5_0101";"EAGQAMASTEGNVTG";"P9WNK7";"MASTEGNVT";12369.76
"DRB5_0101";"AGQAMASTEGNVTGM";"P9WNK7";"MASTEGNVT";10911.78
"DRB5_0101";"GQAMASTEGNVTGMF";"P9WNK7";"MASTEGNVT";9974.56
"DRB5_0101";"QAMASTEGNVTGMFA";"P9WNK7";"MASTEGNVT";10492.31
