"allele";"seq_num";"full_peptide";"core";"ic50"
"HLA-DRB5*01:01";1;"QWNFAGIEAAASAIQ";"FAGIEAAAS";7.5
"HLA-DRB5*01:01";1;"QQWNFAGIEAAASAI";"FAGIEAAAS";10.3
"HLA-DRB5*01:01";1;"WNFAGIEAAASAIQG";"FAGIEAAAS";10.9
"HLA-DRB5*01:01";1;"TEQQWNFAGIEAAAS";"FAGIEAAAS";30.7
"HLA-DRB5*01:01";1;"EQQWNFAGIEAAASA";"FAGIEAAAS";17.1
"HLA-DRB5*01:01";1;"NFAGIEAAASAIQGN";"FAGIEAAAS";16.7
"HLA-DRB5*01:01";1;"FAGIEAAASAIQGNV";"FAGIEAAAS";29.4
"HLA-DRB1*03:01";1;"TELNNALQNLARTIS";"LNNALQNLA";4538.5
"HLA-DRB1*07:01";1;"SAIQGNVTSIHSLLD";"VTSIHSLLD";25.4
"HLA-DRB1*07:01";1;"AIQGNVTSIHSLLDE";"VTSIHSLLD";31.7
"HLA-DRB1*03:01";1;"EAAASAIQGNVTSIH";"IQGNVTSIH";3176.2
"HLA-DRB1*03:01";1;"AAASAIQGNVTSIHS";"IQGNVTSIH";1838.8
"HLA-DRB1*03:01";1;"AASAIQGNVTSIHSL";"IQGNVTSIH";810.7
"HLA-DRB1*03:01";1;"ASAIQGNVTSIHSLL";"IQGNVTSIH";390.9
"HLA-DRB1*03:01";1;"SAIQGNVTSIHSLLD";"IQGNVTSIH";664.5
"HLA-DRB1*03:01";1;"AIQGNVTSIHSLLDE";"IQGNVTSIH";1089.3
"HLA-DRB1*03:01";1;"IQGNVTSIHSLLDEG";"VTSIHSLLD";1634.9
"HLA-DRB1*07:01";1;"IQGNVTSIHSLLDEG";"VTSIHSLLD";45.7
"HLA-DRB5*01:01";1;"TELNNALQNLARTIS";"LNNALQNLA";3477.5
"HLA-DRB5*01:01";1;"ELNNALQNLARTISE";"LNNALQNLA";5493
"HLA-DRB1*07:01";1;"QGNVTSIHSLLDEGK";"VTSIHSLLD";59.5
"HLA-DRB1*03:01";1;"ELNNALQNLARTISE";"LNNALQNLA";6914.8
"HLA-DRB1*03:01";1;"LNNALQNLARTISEA";"ALQNLARTI";5662.4
"HLA-DRB5*01:01";1;"QGNVTSIHSLLDEGK";"VTSIHSLLD";74.1
"HLA-DRB5*01:01";1;"GNVTSIHSLLDEGKQ";"IHSLLDEGK";83.3
"HLA-DRB5*01:01";1;"NVTSIHSLLDEGKQS";"IHSLLDEGK";91.5
"HLA-DRB5*01:01";1;"VTSIHSLLDEGKQSL";"IHSLLDEGK";70.3
"HLA-DRB5*01:01";1;"TSIHSLLDEGKQSLT";"IHSLLDEGK";140.3
"HLA-DRB5*01:01";1;"SIHSLLDEGKQSLTK";"IHSLLDEGK";252.6
"HLA-DRB5*01:01";1;"IHSLLDEGKQSLTKL";"IHSLLDEGK";472.7
"HLA-DRB4*01:01";1;"TELNNALQNLARTIS";"LNNALQNLA";157.2
"HLA-DRB1*07:01";1;"GNVTSIHSLLDEGKQ";"VTSIHSLLD";76
"HLA-DRB1*07:01";1;"NVTSIHSLLDEGKQS";"VTSIHSLLD";90.5
"HLA-DRB1*03:01";1;"NNALQNLARTISEAG";"ALQNLARTI";8728.8
"HLA-DRB1*03:01";1;"DATATELNNALQNLA";"LNNALQNLA";5765.6
"HLA-DRB1*03:01";1;"ATATELNNALQNLAR";"LNNALQNLA";4035.3
"HLA-DRB1*03:01";1;"TATELNNALQNLART";"LNNALQNLA";3280.6
"HLA-DRB1*03:01";1;"ATELNNALQNLARTI";"LNNALQNLA";2385
"HLA-DRB5*01:01";1;"DEGKQSLTKLAAAWG";"SLTKLAAAW";3777
"HLA-DRB5*01:01";1;"EGKQSLTKLAAAWGG";"TKLAAAWGG";1995.9
"HLA-DRB5*01:01";1;"GKQSLTKLAAAWGGS";"TKLAAAWGG";1352.5
"HLA-DRB5*01:01";1;"KQSLTKLAAAWGGSG";"TKLAAAWGG";1390
"HLA-DRB5*01:01";1;"QSLTKLAAAWGGSGS";"TKLAAAWGG";1300.6
"HLA-DRB5*01:01";1;"SLTKLAAAWGGSGSE";"TKLAAAWGG";1824.8
"HLA-DRB1*03:01";1;"IHSLLDEGKQSLTKL";"LLDEGKQSL";514.4
"HLA-DRB4*01:01";1;"ELNNALQNLARTISE";"LNNALQNLA";200.1
"HLA-DRB1*07:01";1;"VTSIHSLLDEGKQSL";"VTSIHSLLD";117.7
"HLA-DRB5*01:01";1;"NNALQNLARTISEAG";"ALQNLARTI";8623.5
"HLA-DRB1*07:01";1;"QGVQQKWDATATELN";"KWDATATEL";121.6
"HLA-DRB5*01:01";1;"LNNALQNLARTISEA";"ALQNLARTI";6061.9
"HLA-DRB4*01:01";1;"ATELNNALQNLARTI";"LNNALQNLA";234.4
"HLA-DRB4*01:01";1;"IEAAASAIQGNVTSI";"IEAAASAIQ";3359.4
"HLA-DRB4*01:01";1;"GIEAAASAIQGNVTS";"IEAAASAIQ";3511.8
"HLA-DRB5*01:01";1;"TKLAAAWGGSGSEAY";"TKLAAAWGG";3088.6
"HLA-DRB4*01:01";1;"AGIEAAASAIQGNVT";"IEAAASAIQ";1997.1
"HLA-DRB3*02:02";1;"ASAIQGNVTSIHSLL";0;0
"HLA-DRB5*01:01";1;"ATATELNNALQNLAR";"LNNALQNLA";3118.3
"HLA-DRB5*01:01";1;"TATELNNALQNLART";"LNNALQNLA";3348
"HLA-DRB5*01:01";1;"ATELNNALQNLARTI";"LNNALQNLA";2592
"HLA-DRB1*03:01";1;"HSLLDEGKQSLTKLA";"LLDEGKQSL";729.7
"HLA-DRB5*01:01";1;"LTKLAAAWGGSGSEA";"TKLAAAWGG";2596
"HLA-DRB3*02:02";1;"SAIQGNVTSIHSLLD";0;0
"HLA-DRB1*03:01";1;"TKLAAAWGGSGSEAY";"WGGSGSEAY";30347.8
"HLA-DRB1*03:01";1;"KLAAAWGGSGSEAYQ";"WGGSGSEAY";26961.8
"HLA-DRB4*01:01";1;"LNNALQNLARTISEA";"LNNALQNLA";269.9
"HLA-DRB1*03:01";1;"AAAWGGSGSEAYQGV";"WGGSGSEAY";21992.1
"HLA-DRB1*03:01";1;"AAWGGSGSEAYQGVQ";"WGGSGSEAY";26051.6
"HLA-DRB1*07:01";1;"QWNFAGIEAAASAIQ";"GIEAAASAI";203.8
"HLA-DRB1*07:01";1;"WNFAGIEAAASAIQG";"GIEAAASAI";380.4
"HLA-DRB1*07:01";1;"NFAGIEAAASAIQGN";"GIEAAASAI";628.2
"HLA-DRB1*07:01";1;"FAGIEAAASAIQGNV";"IEAAASAIQ";720.4
"HLA-DRB1*07:01";1;"AGIEAAASAIQGNVT";"IEAAASAIQ";1114.2
"HLA-DRB1*07:01";1;"GIEAAASAIQGNVTS";"IEAAASAIQ";1423.4
"HLA-DRB1*07:01";1;"DEGKQSLTKLAAAWG";"GKQSLTKLA";7501.1
"HLA-DRB1*07:01";1;"EGKQSLTKLAAAWGG";"TKLAAAWGG";3395.4
"HLA-DRB1*07:01";1;"GKQSLTKLAAAWGGS";"TKLAAAWGG";3720.2
"HLA-DRB1*07:01";1;"KQSLTKLAAAWGGSG";"TKLAAAWGG";5294.6
"HLA-DRB1*07:01";1;"QSLTKLAAAWGGSGS";"TKLAAAWGG";6070.6
"HLA-DRB1*03:01";1;"LQNLARTISEAGQAM";"LARTISEAG";12839.5
"HLA-DRB1*07:01";1;"GVQQKWDATATELNN";"KWDATATEL";152.1
"HLA-DRB5*01:01";1;"DATATELNNALQNLA";"TATELNNAL";4906.4
"HLA-DRB5*01:01";1;"AGIEAAASAIQGNVT";"IEAAASAIQ";4878.7
"HLA-DRB3*02:02";1;"QWNFAGIEAAASAIQ";0;0
"HLA-DRB1*03:01";1;"QGNVTSIHSLLDEGK";"VTSIHSLLD";2505.9
"HLA-DRB1*03:01";1;"GNVTSIHSLLDEGKQ";"VTSIHSLLD";4756.2
"HLA-DRB1*03:01";1;"NVTSIHSLLDEGKQS";"VTSIHSLLD";7297.2
"HLA-DRB1*03:01";1;"VTSIHSLLDEGKQSL";"LLDEGKQSL";3094.8
"HLA-DRB1*03:01";1;"LAAAWGGSGSEAYQG";"WGGSGSEAY";26064.2
"HLA-DRB1*07:01";1;"IEAAASAIQGNVTSI";"AIQGNVTSI";564
"HLA-DRB1*15:01";1;"AAASAIQGNVTSIHS";"IQGNVTSIH";2680.6
"HLA-DRB1*03:01";1;"NALQNLARTISEAGQ";"ALQNLARTI";12064.4
"HLA-DRB5*01:01";1;"GSEAYQGVQQKWDAT";"EAYQGVQQK";1136.3
"HLA-DRB5*01:01";1;"SAIQGNVTSIHSLLD";"VTSIHSLLD";579.3
"HLA-DRB5*01:01";1;"AIQGNVTSIHSLLDE";"VTSIHSLLD";373.5
"HLA-DRB5*01:01";1;"IQGNVTSIHSLLDEG";"VTSIHSLLD";275.9
"HLA-DRB1*07:01";1;"VQQKWDATATELNNA";"KWDATATEL";172.8
"HLA-DRB4*01:01";1;"TATELNNALQNLART";"LNNALQNLA";313.4
"HLA-DRB3*02:02";1;"WNFAGIEAAASAIQG";0;0
"HLA-DRB1*15:01";1;"EAAASAIQGNVTSIH";"IQGNVTSIH";3724.6
"HLA-DRB5*01:01";1;"SGSEAYQGVQQKWDA";"EAYQGVQQK";774.2
"HLA-DRB5*01:01";1;"GIEAAASAIQGNVTS";"IEAAASAIQ";6325
"HLA-DRB5*01:01";1;"GSGSEAYQGVQQKWD";"EAYQGVQQK";922.6
"HLA-DRB1*07:01";1;"QQKWDATATELNNAL";"KWDATATEL";188.2
"HLA-DRB1*03:01";1;"ALQNLARTISEAGQA";"LARTISEAG";15158.1
"HLA-DRB1*03:01";1;"DEGKQSLTKLAAAWG";"GKQSLTKLA";24431.5
"HLA-DRB1*03:01";1;"SIHSLLDEGKQSLTK";"LLDEGKQSL";1071.7
"HLA-DRB1*15:01";1;"QQWNFAGIEAAASAI";"NFAGIEAAA";2706
"HLA-DRB1*15:01";1;"QWNFAGIEAAASAIQ";"NFAGIEAAA";2918.7
"HLA-DRB1*15:01";1;"WNFAGIEAAASAIQG";"IEAAASAIQ";3608.8
"HLA-DRB1*15:01";1;"EQQWNFAGIEAAASA";"NFAGIEAAA";3219.7
"HLA-DRB3*02:02";1;"QQWNFAGIEAAASAI";0;0
"HLA-DRB1*03:01";1;"TSIHSLLDEGKQSLT";"LLDEGKQSL";1967.6
"HLA-DRB1*03:01";1;"SLLDEGKQSLTKLAA";"LLDEGKQSL";1406.2
"HLA-DRB1*03:01";1;"LLDEGKQSLTKLAAA";"LLDEGKQSL";2487.8
"HLA-DRB1*15:01";1;"TEQQWNFAGIEAAAS";"QWNFAGIEA";3147.9
"HLA-DRB5*01:01";1;"NALQNLARTISEAGQ";"ALQNLARTI";11686.9
"HLA-DRB5*01:01";1;"IEAAASAIQGNVTSI";"IEAAASAIQ";7718.8
"HLA-DRB5*01:01";1;"LQNLARTISEAGQAM";"TISEAGQAM";14929.3
"HLA-DRB1*03:01";1;"QNLARTISEAGQAMA";"ISEAGQAMA";8518
"HLA-DRB1*03:01";1;"NLARTISEAGQAMAS";"ISEAGQAMA";6064.9
"HLA-DRB1*03:01";1;"LARTISEAGQAMAST";"ISEAGQAMA";3994.8
"HLA-DRB5*01:01";1;"QNLARTISEAGQAMA";"TISEAGQAM";11003.7
"HLA-DRB5*01:01";1;"SEAYQGVQQKWDATA";"YQGVQQKWD";1327.7
"HLA-DRB3*02:02";1;"ATELNNALQNLARTI";0;0
"HLA-DRB1*03:01";1;"QWNFAGIEAAASAIQ";"IEAAASAIQ";7333.2
"HLA-DRB5*01:01";1;"EAYQGVQQKWDATAT";"YQGVQQKWD";2327.5
"HLA-DRB3*02:02";1;"TELNNALQNLARTIS";0;0
"HLA-DRB4*01:01";1;"ATATELNNALQNLAR";"LNNALQNLA";387.6
"HLA-DRB1*03:01";1;"FAGIEAAASAIQGNV";"IEAAASAIQ";3017.5
"HLA-DRB1*15:01";1;"DEGKQSLTKLAAAWG";"LTKLAAAWG";1697.7
"HLA-DRB1*15:01";1;"EGKQSLTKLAAAWGG";"LTKLAAAWG";1565.8
"HLA-DRB1*15:01";1;"GKQSLTKLAAAWGGS";"LTKLAAAWG";1281.3
"HLA-DRB1*15:01";1;"KQSLTKLAAAWGGSG";"LTKLAAAWG";1157.2
"HLA-DRB1*15:01";1;"QSLTKLAAAWGGSGS";"LTKLAAAWG";1455.9
"HLA-DRB1*07:01";1;"QQWNFAGIEAAASAI";"GIEAAASAI";241.5
"HLA-DRB5*01:01";1;"ALQNLARTISEAGQA";"ALQNLARTI";15274.4
"HLA-DRB3*01:01";1;"NVTSIHSLLDEGKQS";"SLLDEGKQS";4635.4
"HLA-DRB3*01:01";1;"VTSIHSLLDEGKQSL";"SLLDEGKQS";4258.2
"HLA-DRB3*01:01";1;"TSIHSLLDEGKQSLT";"SLLDEGKQS";3786.4
"HLA-DRB3*01:01";1;"SIHSLLDEGKQSLTK";"SLLDEGKQS";3493
"HLA-DRB3*01:01";1;"IHSLLDEGKQSLTKL";"SLLDEGKQS";5287.8
"HLA-DRB3*01:01";1;"HSLLDEGKQSLTKLA";"SLLDEGKQS";7643.5
"HLA-DRB3*01:01";1;"SLLDEGKQSLTKLAA";"SLLDEGKQS";10721.1
"HLA-DRB1*03:01";1;"NFAGIEAAASAIQGN";"IEAAASAIQ";4666.9
"HLA-DRB1*03:01";1;"WNFAGIEAAASAIQG";"IEAAASAIQ";6669.3
"HLA-DRB3*02:02";1;"AIQGNVTSIHSLLDE";0;0
"HLA-DRB1*15:01";1;"SAIQGNVTSIHSLLD";"IQGNVTSIH";957.4
"HLA-DRB3*01:01";1;"QQWNFAGIEAAASAI";"QQWNFAGIE";8888.3
"HLA-DRB3*01:01";1;"QWNFAGIEAAASAIQ";"FAGIEAAAS";11259.3
"HLA-DRB3*01:01";1;"WNFAGIEAAASAIQG";"FAGIEAAAS";14359.7
"HLA-DRB3*01:01";1;"NFAGIEAAASAIQGN";"GIEAAASAI";15588.1
"HLA-DRB3*01:01";1;"FAGIEAAASAIQGNV";"GIEAAASAI";18091.1
"HLA-DRB3*01:01";1;"AGIEAAASAIQGNVT";"GIEAAASAI";21624.5
"HLA-DRB1*07:01";1;"ASAIQGNVTSIHSLL";"GNVTSIHSL";256.9
"HLA-DRB3*02:02";1;"AASAIQGNVTSIHSL";0;0
"HLA-DRB1*07:01";1;"QKWDATATELNNALQ";"WDATATELN";276.4
"HLA-DRB4*01:01";1;"VTSIHSLLDEGKQSL";"IHSLLDEGK";440.7
"HLA-DRB1*07:01";1;"TEQQWNFAGIEAAAS";"FAGIEAAAS";1713.1
"HLA-DRB1*07:01";1;"EQQWNFAGIEAAASA";"FAGIEAAAS";1894.8
"HLA-DRB3*02:02";1;"ELNNALQNLARTISE";0;0
"HLA-DRB1*15:01";1;"AIQGNVTSIHSLLDE";"IQGNVTSIH";1098.3
"HLA-DRB3*02:02";1;"NFAGIEAAASAIQGN";0;0
"HLA-DRB1*07:01";1;"LLDEGKQSLTKLAAA";"LDEGKQSLT";6006.3
"HLA-DRB5*01:01";1;"HSLLDEGKQSLTKLA";"DEGKQSLTK";5954.5
"HLA-DRB5*01:01";1;"SLLDEGKQSLTKLAA";"DEGKQSLTK";5362
"HLA-DRB5*01:01";1;"LLDEGKQSLTKLAAA";"DEGKQSLTK";6330.4
"HLA-DRB4*01:01";1;"WNFAGIEAAASAIQG";"WNFAGIEAA";1102.8
"HLA-DRB1*07:01";1;"AASAIQGNVTSIHSL";"GNVTSIHSL";305.7
"HLA-DRB1*07:01";1;"LDEGKQSLTKLAAAW";"GKQSLTKLA";6712.6
"HLA-DRB4*01:01";1;"NNALQNLARTISEAG";"LQNLARTIS";482.7
"HLA-DRB4*01:01";1;"NALQNLARTISEAGQ";"LQNLARTIS";489.2
"HLA-DRB1*15:01";1;"AGIEAAASAIQGNVT";"IEAAASAIQ";5755.9
"HLA-DRB1*15:01";1;"GIEAAASAIQGNVTS";"IEAAASAIQ";6171.4
"HLA-DRB1*15:01";1;"IEAAASAIQGNVTSI";"IEAAASAIQ";6605.1
"HLA-DRB4*01:01";1;"QWNFAGIEAAASAIQ";"WNFAGIEAA";1077
"HLA-DRB1*07:01";1;"ATELNNALQNLARTI";"ALQNLARTI";323.3
"HLA-DRB4*01:01";1;"QGNVTSIHSLLDEGK";"IHSLLDEGK";498.3
"HLA-DRB4*01:01";1;"IHSLLDEGKQSLTKL";"IHSLLDEGK";499.8
"HLA-DRB3*02:02";1;"LNNALQNLARTISEA";0;0
"HLA-DRB4*01:01";1;"NFAGIEAAASAIQGN";"IEAAASAIQ";2556.9
"HLA-DRB4*01:01";1;"TSIHSLLDEGKQSLT";"IHSLLDEGK";512.8
"HLA-DRB1*07:01";1;"YQGVQQKWDATATEL";"KWDATATEL";212.3
"HLA-DRB5*01:01";1;"LAAAWGGSGSEAYQG";"WGGSGSEAY";5668.9
"HLA-DRB5*01:01";1;"KLAAAWGGSGSEAYQ";"WGGSGSEAY";4313.2
"HLA-DRB1*03:01";1;"AGIEAAASAIQGNVT";"IEAAASAIQ";6241
"HLA-DRB1*15:01";1;"ASAIQGNVTSIHSLL";"IQGNVTSIH";894.2
"HLA-DRB4*01:01";1;"ALQNLARTISEAGQA";"LQNLARTIS";525.2
"HLA-DRB1*15:01";1;"AASAIQGNVTSIHSL";"IQGNVTSIH";1978.1
"HLA-DRB1*03:01";1;"AYQGVQQKWDATATE";"QKWDATATE";21670.4
"HLA-DRB1*03:01";1;"YQGVQQKWDATATEL";"VQQKWDATA";14793.2
"HLA-DRB4*01:01";1;"GNVTSIHSLLDEGKQ";"IHSLLDEGK";550.6
"HLA-DRB1*15:01";1;"QGNVTSIHSLLDEGK";"NVTSIHSLL";3276.2
"HLA-DRB4*01:01";1;"AYQGVQQKWDATATE";"AYQGVQQKW";563.9
"HLA-DRB3*01:01";1;"ASAIQGNVTSIHSLL";"IQGNVTSIH";2242.8
"HLA-DRB4*01:01";1;"FAGIEAAASAIQGNV";"IEAAASAIQ";2196.2
"HLA-DRB3*02:02";1;"TATELNNALQNLART";0;0
"HLA-DRB3*02:02";1;"EQQWNFAGIEAAASA";0;0
"HLA-DRB1*15:01";1;"TELNNALQNLARTIS";"NALQNLART";6351
"HLA-DRB3*01:01";1;"EAYQGVQQKWDATAT";"VQQKWDATA";20831.5
"HLA-DRB3*01:01";1;"AYQGVQQKWDATATE";"QKWDATATE";7651.5
"HLA-DRB3*01:01";1;"YQGVQQKWDATATEL";"QKWDATATE";6423.9
"HLA-DRB3*01:01";1;"QGVQQKWDATATELN";"QKWDATATE";5616
"HLA-DRB3*01:01";1;"GVQQKWDATATELNN";"QKWDATATE";5175
"HLA-DRB3*01:01";1;"VQQKWDATATELNNA";"QKWDATATE";7726.4
"HLA-DRB3*01:01";1;"QQKWDATATELNNAL";"QKWDATATE";10072.3
"HLA-DRB1*07:01";1;"TELNNALQNLARTIS";"ALQNLARTI";401.7
"HLA-DRB4*01:01";1;"DATATELNNALQNLA";"LNNALQNLA";589.5
"HLA-DRB1*15:01";1;"FAGIEAAASAIQGNV";"IEAAASAIQ";5033.8
"HLA-DRB1*07:01";1;"KWDATATELNNALQN";"WDATATELN";418.2
"HLA-DRB1*15:01";1;"NFAGIEAAASAIQGN";"IEAAASAIQ";3453
"HLA-DRB1*03:01";1;"ARTISEAGQAMASTE";"ISEAGQAMA";3704.2
"HLA-DRB1*03:01";1;"RTISEAGQAMASTEG";"ISEAGQAMA";6151.8
"HLA-DRB5*01:01";1;"SEAGQAMASTEGNVT";"QAMASTEGN";24242.2
"HLA-DRB1*15:01";1;"ATELNNALQNLARTI";"LNNALQNLA";6270.3
"HLA-DRB4*01:01";1;"EAYQGVQQKWDATAT";"AYQGVQQKW";612.8
"HLA-DRB1*15:01";1;"SLTKLAAAWGGSGSE";"LTKLAAAWG";1805.1
"HLA-DRB5*01:01";1;"NLARTISEAGQAMAS";"TISEAGQAM";9816.5
"HLA-DRB4*01:01";1;"IQGNVTSIHSLLDEG";"IQGNVTSIH";627
"HLA-DRB1*03:01";1;"GQAMASTEGNVTGMF";"TEGNVTGMF";18432.1
"HLA-DRB3*02:02";1;"FAGIEAAASAIQGNV";0;0
"HLA-DRB1*03:01";1;"QGVQQKWDATATELN";"QKWDATATE";12842.6
"HLA-DRB1*03:01";1;"GVQQKWDATATELNN";"QKWDATATE";10340.7
"HLA-DRB1*03:01";1;"VQQKWDATATELNNA";"QKWDATATE";12161.3
"HLA-DRB4*01:01";1;"SIHSLLDEGKQSLTK";"IHSLLDEGK";649.1
"HLA-DRB5*01:01";1;"AAAWGGSGSEAYQGV";"WGGSGSEAY";5371.2
"HLA-DRB4*01:01";1;"NVTSIHSLLDEGKQS";"IHSLLDEGK";652.5
"HLA-DRB4*01:01";1;"LLDEGKQSLTKLAAA";"LLDEGKQSL";654.4
"HLA-DRB5*01:01";1;"AAWGGSGSEAYQGVQ";"WGGSGSEAY";7316.2
"HLA-DRB3*01:01";1;"QKWDATATELNNALQ";"QKWDATATE";13671.4
"HLA-DRB3*01:01";1;"KWDATATELNNALQN";"TATELNNAL";23033
"HLA-DRB3*01:01";1;"WDATATELNNALQNL";"ELNNALQNL";18740.4
"HLA-DRB3*01:01";1;"DATATELNNALQNLA";"ELNNALQNL";17587.1
"HLA-DRB3*01:01";1;"ATATELNNALQNLAR";"ELNNALQNL";16540.4
"HLA-DRB3*01:01";1;"TATELNNALQNLART";"ELNNALQNL";15538.9
"HLA-DRB1*03:01";1;"ISEAGQAMASTEGNV";"ISEAGQAMA";18817.6
"HLA-DRB5*01:01";1;"LARTISEAGQAMAST";"TISEAGQAM";8263.3
"HLA-DRB1*15:01";1;"IQGNVTSIHSLLDEG";"NVTSIHSLL";1336.2
"HLA-DRB1*15:01";1;"GNVTSIHSLLDEGKQ";"NVTSIHSLL";5015.8
"HLA-DRB1*03:01";1;"LDEGKQSLTKLAAAW";"LDEGKQSLT";11939.2
"HLA-DRB4*01:01";1;"LARTISEAGQAMAST";"TISEAGQAM";689.9
"HLA-DRB4*01:01";1;"ARTISEAGQAMASTE";"ISEAGQAMA";693
"HLA-DRB5*01:01";1;"WDATATELNNALQNL";"TATELNNAL";5228.6
"HLA-DRB1*07:01";1;"NNALQNLARTISEAG";"LARTISEAG";506.1
"HLA-DRB1*15:01";1;"ELNNALQNLARTISE";"NALQNLART";6507.1
"HLA-DRB4*01:01";1;"SLLDEGKQSLTKLAA";"LLDEGKQSL";710.5
"HLA-DRB3*01:01";1;"ALQNLARTISEAGQA";"ALQNLARTI";18103.8
"HLA-DRB3*01:01";1;"LQNLARTISEAGQAM";"TISEAGQAM";14018.1
"HLA-DRB3*01:01";1;"QNLARTISEAGQAMA";"TISEAGQAM";14111.7
"HLA-DRB3*01:01";1;"NLARTISEAGQAMAS";"TISEAGQAM";13998.4
"HLA-DRB3*01:01";1;"LARTISEAGQAMAST";"TISEAGQAM";13901.4
"HLA-DRB3*01:01";1;"ARTISEAGQAMASTE";"TISEAGQAM";19629.9
"HLA-DRB3*01:01";1;"RTISEAGQAMASTEG";"TISEAGQAM";25884.1
"HLA-DRB3*01:01";1;"GIEAAASAIQGNVTS";"GIEAAASAI";23217.1
"HLA-DRB5*01:01";1;"ARTISEAGQAMASTE";"ISEAGQAMA";9221.4
"HLA-DRB1*03:01";1;"QQKWDATATELNNAL";"WDATATELN";12449.8
"HLA-DRB1*03:01";1;"QKWDATATELNNALQ";"WDATATELN";17080.2
"HLA-DRB1*03:01";1;"KWDATATELNNALQN";"TATELNNAL";20651.5
"HLA-DRB1*03:01";1;"WDATATELNNALQNL";"TATELNNAL";18011.6
"HLA-DRB4*01:01";1;"SEAYQGVQQKWDATA";"AYQGVQQKW";721.5
"HLA-DRB5*01:01";1;"EAGQAMASTEGNVTG";"QAMASTEGN";25638
"HLA-DRB1*15:01";1;"NNALQNLARTISEAG";"LARTISEAG";7287.8
"HLA-DRB5*01:01";1;"ASAIQGNVTSIHSLL";"IQGNVTSIH";3264.4
"HLA-DRB1*15:01";1;"TATELNNALQNLART";"LNNALQNLA";6853.3
"HLA-DRB5*01:01";1;"GQAMASTEGNVTGMF";"MASTEGNVT";19766.5
"HLA-DRB1*03:01";1;"TISEAGQAMASTEGN";"ISEAGQAMA";11145
"HLA-DRB4*01:01";1;"LDEGKQSLTKLAAAW";"KQSLTKLAA";1628.2
"HLA-DRB4*01:01";1;"DEGKQSLTKLAAAWG";"KQSLTKLAA";1291.2
"HLA-DRB4*01:01";1;"EGKQSLTKLAAAWGG";"KQSLTKLAA";1148.1
"HLA-DRB4*01:01";1;"GKQSLTKLAAAWGGS";"KQSLTKLAA";1039.4
"HLA-DRB4*01:01";1;"KQSLTKLAAAWGGSG";"KQSLTKLAA";889.3
"HLA-DRB4*01:01";1;"QSLTKLAAAWGGSGS";"LTKLAAAWG";2826.2
"HLA-DRB3*01:01";1;"SAIQGNVTSIHSLLD";"IQGNVTSIH";2923.3
"HLA-DRB5*01:01";1;"LDEGKQSLTKLAAAW";"SLTKLAAAW";5306.6
"HLA-DRB4*01:01";1;"LQNLARTISEAGQAM";"LQNLARTIS";755.7
"HLA-DRB4*01:01";1;"AIQGNVTSIHSLLDE";"IQGNVTSIH";756.4
"HLA-DRB5*01:01";1;"KWDATATELNNALQN";"TATELNNAL";7878
"HLA-DRB5*01:01";1;"AGQAMASTEGNVTGM";"MASTEGNVT";26080.3
"HLA-DRB3*01:01";1;"AASAIQGNVTSIHSL";"IQGNVTSIH";2958.9
"HLA-DRB3*02:02";1;"ATATELNNALQNLAR";0;0
"HLA-DRB4*01:01";1;"RTISEAGQAMASTEG";"ISEAGQAMA";775.6
"HLA-DRB3*01:01";1;"LLDEGKQSLTKLAAA";"GKQSLTKLA";27650.4
"HLA-DRB3*01:01";1;"LDEGKQSLTKLAAAW";"SLTKLAAAW";23452.7
"HLA-DRB3*01:01";1;"DEGKQSLTKLAAAWG";"SLTKLAAAW";24796.9
"HLA-DRB3*01:01";1;"EGKQSLTKLAAAWGG";"SLTKLAAAW";25164.7
"HLA-DRB3*01:01";1;"GKQSLTKLAAAWGGS";"SLTKLAAAW";25557.7
"HLA-DRB3*01:01";1;"KQSLTKLAAAWGGSG";"SLTKLAAAW";27863.3
"HLA-DRB3*01:01";1;"QSLTKLAAAWGGSGS";"TKLAAAWGG";29322.3
"HLA-DRB3*02:02";1;"NNALQNLARTISEAG";0;0
"HLA-DRB5*01:01";1;"QAMASTEGNVTGMFA";"MASTEGNVT";17173.6
"HLA-DRB5*01:01";1;"QKWDATATELNNALQ";"TATELNNAL";10515.5
"HLA-DRB1*07:01";1;"ELNNALQNLARTISE";"ALQNLARTI";612.5
"HLA-DRB1*15:01";1;"ATATELNNALQNLAR";"LNNALQNLA";9146.2
"HLA-DRB1*03:01";1;"EAYQGVQQKWDATAT";"VQQKWDATA";29378.5
"HLA-DRB1*03:01";1;"SEAYQGVQQKWDATA";"VQQKWDATA";31448.5
"HLA-DRB1*03:01";1;"SEAGQAMASTEGNVT";"AMASTEGNV";38269.2
"HLA-DRB1*15:01";1;"LNNALQNLARTISEA";"ALQNLARTI";7101.3
"HLA-DRB1*03:01";1;"QAMASTEGNVTGMFA";"TEGNVTGMF";15867.5
"HLA-DRB5*01:01";1;"AAASAIQGNVTSIHS";"IQGNVTSIH";5845
"HLA-DRB4*01:01";1;"GSEAYQGVQQKWDAT";"YQGVQQKWD";835.8
"HLA-DRB5*01:01";1;"AASAIQGNVTSIHSL";"IQGNVTSIH";4556.8
"HLA-DRB5*01:01";1;"EAAASAIQGNVTSIH";"IQGNVTSIH";6644.6
"HLA-DRB5*01:01";1;"RTISEAGQAMASTEG";"ISEAGQAMA";12650.7
"HLA-DRB5*01:01";1;"WGGSGSEAYQGVQQK";"EAYQGVQQK";1170.1
"HLA-DRB1*15:01";1;"NALQNLARTISEAGQ";"LARTISEAG";7904.7
"HLA-DRB1*03:01";1;"AGQAMASTEGNVTGM";"AMASTEGNV";35858.7
"HLA-DRB1*07:01";1;"EAAASAIQGNVTSIH";"AIQGNVTSI";690.5
"HLA-DRB1*15:01";1;"LQNLARTISEAGQAM";"LARTISEAG";8809.3
"HLA-DRB1*15:01";1;"LTKLAAAWGGSGSEA";"LTKLAAAWG";2789.6
"HLA-DRB4*01:01";1;"NLARTISEAGQAMAS";"TISEAGQAM";903.4
"HLA-DRB1*07:01";1;"NALQNLARTISEAGQ";"LARTISEAG";705
"HLA-DRB4*01:01";1;"SAIQGNVTSIHSLLD";"IQGNVTSIH";909.9
"HLA-DRB1*15:01";1;"QNLARTISEAGQAMA";"ISEAGQAMA";6345.9
"HLA-DRB4*01:01";1;"SGSEAYQGVQQKWDA";"AYQGVQQKW";913.3
"HLA-DRB1*03:01";1;"EAGQAMASTEGNVTG";"AMASTEGNV";38552.6
"HLA-DRB3*02:02";1;"AAASAIQGNVTSIHS";0;0
"HLA-DRB1*15:01";1;"DATATELNNALQNLA";"LNNALQNLA";12127.5
"HLA-DRB3*01:01";1;"AIQGNVTSIHSLLDE";"IQGNVTSIH";3564.8
"HLA-DRB1*03:01";1;"QQWNFAGIEAAASAI";"FAGIEAAAS";17390.2
"HLA-DRB1*15:01";1;"SEAGQAMASTEGNVT";"MASTEGNVT";11742.7
"HLA-DRB4*01:01";1;"QNLARTISEAGQAMA";"TISEAGQAM";954.4
"HLA-DRB5*01:01";1;"YQGVQQKWDATATEL";"YQGVQQKWD";6153
"HLA-DRB3*01:01";1;"TISEAGQAMASTEGN";"TISEAGQAM";30364.5
"HLA-DRB1*15:01";1;"EAGQAMASTEGNVTG";"MASTEGNVT";12053.2
"HLA-DRB3*02:02";1;"NALQNLARTISEAGQ";0;0
"HLA-DRB5*01:01";1;"AYQGVQQKWDATATE";"YQGVQQKWD";4846
"HLA-DRB1*07:01";1;"AAASAIQGNVTSIHS";"AIQGNVTSI";785.6
"HLA-DRB1*03:01";1;"TEQQWNFAGIEAAAS";"QQWNFAGIE";18533.3
"HLA-DRB1*15:01";1;"ALQNLARTISEAGQA";"LARTISEAG";8819.4
"HLA-DRB1*07:01";1;"QNLARTISEAGQAMA";"LARTISEAG";813.4
"HLA-DRB1*07:01";1;"LNNALQNLARTISEA";"ALQNLARTI";821.6
"HLA-DRB4*01:01";1;"EAAASAIQGNVTSIH";"IQGNVTSIH";3735.9
"HLA-DRB4*01:01";1;"AAASAIQGNVTSIHS";"IQGNVTSIH";2909.4
"HLA-DRB4*01:01";1;"AASAIQGNVTSIHSL";"IQGNVTSIH";1606
"HLA-DRB4*01:01";1;"ASAIQGNVTSIHSLL";"IQGNVTSIH";1166.2
"HLA-DRB3*02:02";1;"IQGNVTSIHSLLDEG";0;0
"HLA-DRB4*01:01";1;"HSLLDEGKQSLTKLA";"LLDEGKQSL";1040.5
"HLA-DRB1*07:01";1;"SLLDEGKQSLTKLAA";"LDEGKQSLT";5470.5
"HLA-DRB4*01:01";1;"TISEAGQAMASTEGN";"ISEAGQAMA";1041.9
"HLA-DRB5*01:01";1;"QQKWDATATELNNAL";"TATELNNAL";11700.2
"HLA-DRB1*15:01";1;"VTSIHSLLDEGKQSL";"IHSLLDEGK";10574.8
"HLA-DRB3*01:01";1;"AAASAIQGNVTSIHS";"IQGNVTSIH";3905.4
"HLA-DRB3*02:02";1;"AGIEAAASAIQGNVT";0;0
"HLA-DRB1*15:01";1;"GQAMASTEGNVTGMF";"MASTEGNVT";8505.7
"HLA-DRB5*01:01";1;"TISEAGQAMASTEGN";"ISEAGQAMA";16388.5
"HLA-DRB1*03:01";1;"IEAAASAIQGNVTSI";"IEAAASAIQ";15950.3
"HLA-DRB1*03:01";1;"MTEQQWNFAGIEAAA";"QQWNFAGIE";18658.8
"HLA-DRB1*07:01";1;"ALQNLARTISEAGQA";"LARTISEAG";990.9
"HLA-DRB1*07:01";1;"LQNLARTISEAGQAM";"LARTISEAG";1067.2
"HLA-DRB5*01:01";1;"ISEAGQAMASTEGNV";"ISEAGQAMA";20973.5
"HLA-DRB1*15:01";1;"AGQAMASTEGNVTGM";"MASTEGNVT";10598.4
"HLA-DRB4*01:01";1;"QKWDATATELNNALQ";"WDATATELN";6737.8
"HLA-DRB4*01:01";1;"KWDATATELNNALQN";"WDATATELN";5228.5
"HLA-DRB4*01:01";1;"WDATATELNNALQNL";"ELNNALQNL";2295.1
"HLA-DRB4*01:01";1;"QQWNFAGIEAAASAI";"WNFAGIEAA";1178.1
"HLA-DRB1*15:01";1;"NVTSIHSLLDEGKQS";"NVTSIHSLL";5918.4
"HLA-DRB1*15:01";1;"QAMASTEGNVTGMFA";"MASTEGNVT";7533.3
"HLA-DRB1*07:01";1;"WDATATELNNALQNL";"WDATATELN";1027.3
"HLA-DRB3*01:01";1;"IQGNVTSIHSLLDEG";"IQGNVTSIH";4386.4
"HLA-DRB4*01:01";1;"GSGSEAYQGVQQKWD";"AYQGVQQKW";1222
"HLA-DRB4*01:01";1;"YQGVQQKWDATATEL";"YQGVQQKWD";1240.5
"HLA-DRB1*07:01";1;"NLARTISEAGQAMAS";"ISEAGQAMA";1063
"HLA-DRB3*01:01";1;"MTEQQWNFAGIEAAA";"QQWNFAGIE";7558.7
"HLA-DRB3*01:01";1;"TEQQWNFAGIEAAAS";"QQWNFAGIE";7971.3
"HLA-DRB3*02:02";1;"ALQNLARTISEAGQA";0;0
"HLA-DRB3*01:01";1;"SLTKLAAAWGGSGSE";"LAAAWGGSG";30797.6
"HLA-DRB3*01:01";1;"EAAASAIQGNVTSIH";"IQGNVTSIH";4643.3
"HLA-DRB5*01:01";1;"GGSGSEAYQGVQQKW";"EAYQGVQQK";1051.5
"HLA-DRB4*01:01";1;"EQQWNFAGIEAAASA";"WNFAGIEAA";1350.7
"HLA-DRB3*02:02";1;"TEQQWNFAGIEAAAS";0;0
"HLA-DRB1*15:01";1;"LDEGKQSLTKLAAAW";"SLTKLAAAW";3739.1
"HLA-DRB4*01:01";1;"WGGSGSEAYQGVQQK";"SGSEAYQGV";6002.5
"HLA-DRB4*01:01";1;"GGSGSEAYQGVQQKW";"AYQGVQQKW";2518
"HLA-DRB3*01:01";1;"LTKLAAAWGGSGSEA";"LAAAWGGSG";31963.4
"HLA-DRB1*03:01";1;"AWGGSGSEAYQGVQQ";"WGGSGSEAY";29860.5
"HLA-DRB1*03:01";1;"WGGSGSEAYQGVQQK";"WGGSGSEAY";33097.7
"HLA-DRB1*15:01";1;"TSIHSLLDEGKQSLT";"IHSLLDEGK";10574.2
"HLA-DRB1*15:01";1;"TKLAAAWGGSGSEAY";"LAAAWGGSG";5827.7
"HLA-DRB1*15:01";1;"RTISEAGQAMASTEG";"ISEAGQAMA";5985.9
"HLA-DRB1*07:01";1;"LARTISEAGQAMAST";"ISEAGQAMA";1369.9
"HLA-DRB4*01:01";1;"AWGGSGSEAYQGVQQ";"SGSEAYQGV";9151.5
"HLA-DRB3*02:02";1;"NLARTISEAGQAMAS";0;0
"HLA-DRB4*01:01";1;"TEQQWNFAGIEAAAS";"WNFAGIEAA";1606.9
"HLA-DRB1*15:01";1;"NLARTISEAGQAMAS";"ISEAGQAMA";6215.7
"HLA-DRB5*01:01";1;"AWGGSGSEAYQGVQQ";"WGGSGSEAY";9784.1
"HLA-DRB3*02:02";1;"LARTISEAGQAMAST";0;0
"HLA-DRB4*01:01";1;"SLTKLAAAWGGSGSE";"TKLAAAWGG";3733.9
"HLA-DRB4*01:01";1;"LTKLAAAWGGSGSEA";"TKLAAAWGG";4022.2
"HLA-DRB3*02:02";1;"LQNLARTISEAGQAM";0;0
"HLA-DRB3*02:02";1;"QNLARTISEAGQAMA";0;0
"HLA-DRB1*03:01";1;"EGKQSLTKLAAAWGG";"GKQSLTKLA";28307
"HLA-DRB1*15:01";1;"WDATATELNNALQNL";"TATELNNAL";13154.4
"HLA-DRB1*15:01";1;"LARTISEAGQAMAST";"ISEAGQAMA";5270
"HLA-DRB3*02:02";1;"QGNVTSIHSLLDEGK";0;0
"HLA-DRB1*03:01";1;"GKQSLTKLAAAWGGS";"GKQSLTKLA";31126.6
"HLA-DRB1*15:01";1;"QKWDATATELNNALQ";"TATELNNAL";13168.8
"HLA-DRB1*15:01";1;"ISEAGQAMASTEGNV";"ISEAGQAMA";9051.1
"HLA-DRB1*15:01";1;"HSLLDEGKQSLTKLA";"LLDEGKQSL";8281.2
"HLA-DRB3*02:02";1;"DATATELNNALQNLA";0;0
"HLA-DRB1*03:01";1;"EQQWNFAGIEAAASA";"FAGIEAAAS";18069.9
"HLA-DRB3*02:02";1;"EGKQSLTKLAAAWGG";0;0
"HLA-DRB1*15:01";1;"TISEAGQAMASTEGN";"ISEAGQAMA";7449.7
"HLA-DRB1*07:01";1;"MTEQQWNFAGIEAAA";"WNFAGIEAA";3989.9
"HLA-DRB1*15:01";1;"KWDATATELNNALQN";"TATELNNAL";13952.9
"HLA-DRB3*02:02";1;"GNVTSIHSLLDEGKQ";0;0
"HLA-DRB3*02:02";1;"GKQSLTKLAAAWGGS";0;0
"HLA-DRB1*15:01";1;"LLDEGKQSLTKLAAA";"KQSLTKLAA";7113.5
"HLA-DRB1*15:01";1;"SLLDEGKQSLTKLAA";"LLDEGKQSL";7008.7
"HLA-DRB3*01:01";1;"EQQWNFAGIEAAASA";"QQWNFAGIE";8707.9
"HLA-DRB4*01:01";1;"MTEQQWNFAGIEAAA";"WNFAGIEAA";1916.8
"HLA-DRB1*03:01";1;"GIEAAASAIQGNVTS";"IEAAASAIQ";10636.9
"HLA-DRB5*01:01";1;"QGVQQKWDATATELN";"KWDATATEL";16174.6
"HLA-DRB1*07:01";1;"SLTKLAAAWGGSGSE";"TKLAAAWGG";7054.5
"HLA-DRB1*15:01";1;"IHSLLDEGKQSLTKL";"LLDEGKQSL";8022.6
"HLA-DRB1*15:01";1;"MTEQQWNFAGIEAAA";"QWNFAGIEA";3452.6
"HLA-DRB1*07:01";1;"SEAGQAMASTEGNVT";"MASTEGNVT";1987.7
"HLA-DRB3*02:02";1;"GIEAAASAIQGNVTS";0;0
"HLA-DRB4*01:01";1;"ISEAGQAMASTEGNV";"ISEAGQAMA";2107.7
"HLA-DRB3*02:02";1;"SIHSLLDEGKQSLTK";0;0
"HLA-DRB1*15:01";1;"SIHSLLDEGKQSLTK";"LLDEGKQSL";9211.4
"HLA-DRB3*01:01";1;"QAMASTEGNVTGMFA";"TEGNVTGMF";6956.5
"HLA-DRB3*02:02";1;"IHSLLDEGKQSLTKL";0;0
"HLA-DRB3*02:02";1;"TSIHSLLDEGKQSLT";0;0
"HLA-DRB1*15:01";1;"QQKWDATATELNNAL";"TATELNNAL";12402.1
"HLA-DRB3*02:02";1;"ARTISEAGQAMASTE";0;0
"HLA-DRB3*02:02";1;"VTSIHSLLDEGKQSL";0;0
"HLA-DRB5*01:01";1;"MTEQQWNFAGIEAAA";"WNFAGIEAA";9152.1
"HLA-DRB3*02:02";1;"DEGKQSLTKLAAAWG";0;0
"HLA-DRB3*02:02";1;"EAAASAIQGNVTSIH";0;0
"HLA-DRB3*02:02";1;"NVTSIHSLLDEGKQS";0;0
"HLA-DRB1*15:01";1;"KLAAAWGGSGSEAYQ";"LAAAWGGSG";7476.1
"HLA-DRB3*02:02";1;"LLDEGKQSLTKLAAA";0;0
"HLA-DRB3*02:02";1;"KQSLTKLAAAWGGSG";0;0
"HLA-DRB1*15:01";1;"ARTISEAGQAMASTE";"ISEAGQAMA";5210.4
"HLA-DRB1*15:01";1;"LAAAWGGSGSEAYQG";"LAAAWGGSG";9051.9
"HLA-DRB3*02:02";1;"LDEGKQSLTKLAAAW";0;0
"HLA-DRB3*01:01";1;"LNNALQNLARTISEA";"ALQNLARTI";8129.3
"HLA-DRB3*02:02";1;"HSLLDEGKQSLTKLA";0;0
"HLA-DRB3*02:02";1;"SLLDEGKQSLTKLAA";0;0
"HLA-DRB3*01:01";1;"GQAMASTEGNVTGMF";"TEGNVTGMF";8251.2
"HLA-DRB3*01:01";1;"ELNNALQNLARTISE";"ALQNLARTI";8326.4
"HLA-DRB5*01:01";1;"GVQQKWDATATELNN";"KWDATATEL";16509.5
"HLA-DRB1*07:01";1;"ARTISEAGQAMASTE";"ISEAGQAMA";2768.1
"HLA-DRB1*07:01";1;"AGQAMASTEGNVTGM";"MASTEGNVT";2776.2
"HLA-DRB1*15:01";1;"AAAWGGSGSEAYQGV";"WGGSGSEAY";13200
"HLA-DRB1*07:01";1;"GQAMASTEGNVTGMF";"MASTEGNVT";2860.5
"HLA-DRB1*07:01";1;"EAGQAMASTEGNVTG";"MASTEGNVT";2874.5
"HLA-DRB3*01:01";1;"ATELNNALQNLARTI";"ALQNLARTI";8789.2
"HLA-DRB3*01:01";1;"TELNNALQNLARTIS";"ALQNLARTI";8763.6
"HLA-DRB1*15:01";1;"AAWGGSGSEAYQGVQ";"WGGSGSEAY";16865.6
"HLA-DRB5*01:01";1;"VQQKWDATATELNNA";"KWDATATEL";16149.3
"HLA-DRB1*15:01";1;"EAYQGVQQKWDATAT";"VQQKWDATA";8000.9
"HLA-DRB1*07:01";1;"TKLAAAWGGSGSEAY";"WGGSGSEAY";3023.8
"HLA-DRB1*07:01";1;"QAMASTEGNVTGMFA";"MASTEGNVT";3050.4
"HLA-DRB1*15:01";1;"SEAYQGVQQKWDATA";"VQQKWDATA";7923.6
"HLA-DRB1*15:01";1;"AYQGVQQKWDATATE";"VQQKWDATA";7856
"HLA-DRB3*02:02";1;"RTISEAGQAMASTEG";0;0
"HLA-DRB3*01:01";1;"NNALQNLARTISEAG";"ALQNLARTI";11253.3
"HLA-DRB3*01:01";1;"NALQNLARTISEAGQ";"ALQNLARTI";14754.2
"HLA-DRB1*07:01";1;"RTISEAGQAMASTEG";"ISEAGQAMA";3444.2
"HLA-DRB3*02:02";1;"MTEQQWNFAGIEAAA";0;0
"HLA-DRB1*07:01";1;"ISEAGQAMASTEGNV";"AMASTEGNV";3743
"HLA-DRB1*07:01";1;"LTKLAAAWGGSGSEA";"TKLAAAWGG";8505.8
"HLA-DRB1*07:01";1;"KLAAAWGGSGSEAYQ";"WGGSGSEAY";4473
"HLA-DRB1*07:01";1;"LAAAWGGSGSEAYQG";"WGGSGSEAY";6503
"HLA-DRB1*07:01";1;"AAAWGGSGSEAYQGV";"WGGSGSEAY";6673.9
"HLA-DRB4*01:01";1;"QGVQQKWDATATELN";"QGVQQKWDA";3476.9
"HLA-DRB3*02:02";1;"WDATATELNNALQNL";0;0
"HLA-DRB1*07:01";1;"GSGSEAYQGVQQKWD";"YQGVQQKWD";3730.3
"HLA-DRB1*15:01";1;"GSEAYQGVQQKWDAT";"YQGVQQKWD";9903.4
"HLA-DRB3*02:02";1;"QSLTKLAAAWGGSGS";0;0
"HLA-DRB1*15:01";1;"YQGVQQKWDATATEL";"VQQKWDATA";8268.5
"HLA-DRB1*03:01";1;"KQSLTKLAAAWGGSG";"SLTKLAAAW";38351.7
"HLA-DRB1*03:01";1;"QSLTKLAAAWGGSGS";"LAAAWGGSG";39425
"HLA-DRB1*03:01";1;"SLTKLAAAWGGSGSE";"LAAAWGGSG";39889.6
"HLA-DRB1*03:01";1;"LTKLAAAWGGSGSEA";"LAAAWGGSG";39577.1
"HLA-DRB1*03:01";1;"GSGSEAYQGVQQKWD";"AYQGVQQKW";36699.8
"HLA-DRB1*03:01";1;"SGSEAYQGVQQKWDA";"AYQGVQQKW";35554.6
"HLA-DRB1*03:01";1;"GSEAYQGVQQKWDAT";"AYQGVQQKW";34079.6
"HLA-DRB1*15:01";1;"SGSEAYQGVQQKWDA";"YQGVQQKWD";9985.9
"HLA-DRB3*01:01";1;"QGNVTSIHSLLDEGK";"NVTSIHSLL";11585.8
"HLA-DRB3*01:01";1;"GNVTSIHSLLDEGKQ";"NVTSIHSLL";14015.1
"HLA-DRB1*07:01";1;"SGSEAYQGVQQKWDA";"YQGVQQKWD";4147.2
"HLA-DRB1*15:01";1;"QGVQQKWDATATELN";"VQQKWDATA";9326.8
"HLA-DRB1*07:01";1;"DATATELNNALQNLA";"LNNALQNLA";4678
"HLA-DRB1*07:01";1;"SEAYQGVQQKWDATA";"YQGVQQKWD";4823.3
"HLA-DRB1*07:01";1;"GSEAYQGVQQKWDAT";"YQGVQQKWD";4486.8
"HLA-DRB1*15:01";1;"AWGGSGSEAYQGVQQ";"WGGSGSEAY";15895.5
"HLA-DRB1*15:01";1;"WGGSGSEAYQGVQQK";"WGGSGSEAY";15465.1
"HLA-DRB1*07:01";1;"TISEAGQAMASTEGN";"ISEAGQAMA";4936.7
"HLA-DRB4*01:01";1;"GVQQKWDATATELNN";"GVQQKWDAT";6713.1
"HLA-DRB1*07:01";1;"ATATELNNALQNLAR";"LNNALQNLA";5183.8
"HLA-DRB3*01:01";1;"IEAAASAIQGNVTSI";"AIQGNVTSI";25486.4
"HLA-DRB3*01:01";1;"TKLAAAWGGSGSEAY";"WGGSGSEAY";19261.7
"HLA-DRB3*01:01";1;"KLAAAWGGSGSEAYQ";"WGGSGSEAY";18826.1
"HLA-DRB3*01:01";1;"LAAAWGGSGSEAYQG";"WGGSGSEAY";18899.4
"HLA-DRB3*01:01";1;"AAAWGGSGSEAYQGV";"WGGSGSEAY";16953
"HLA-DRB3*01:01";1;"AAWGGSGSEAYQGVQ";"WGGSGSEAY";22004.2
"HLA-DRB3*01:01";1;"AWGGSGSEAYQGVQQ";"WGGSGSEAY";25563.5
"HLA-DRB3*01:01";1;"WGGSGSEAYQGVQQK";"WGGSGSEAY";24686.8
"HLA-DRB3*01:01";1;"GGSGSEAYQGVQQKW";"AYQGVQQKW";23323.1
"HLA-DRB3*01:01";1;"GSGSEAYQGVQQKWD";"EAYQGVQQK";19478.4
"HLA-DRB3*01:01";1;"SGSEAYQGVQQKWDA";"EAYQGVQQK";18638.5
"HLA-DRB3*01:01";1;"GSEAYQGVQQKWDAT";"AYQGVQQKW";19556.3
"HLA-DRB3*01:01";1;"SEAYQGVQQKWDATA";"YQGVQQKWD";18336.6
"HLA-DRB3*01:01";1;"ISEAGQAMASTEGNV";"QAMASTEGN";35530.8
"HLA-DRB3*01:01";1;"SEAGQAMASTEGNVT";"MASTEGNVT";20344.1
"HLA-DRB3*01:01";1;"EAGQAMASTEGNVTG";"MASTEGNVT";20438.1
"HLA-DRB3*01:01";1;"AGQAMASTEGNVTGM";"MASTEGNVT";19371.6
"HLA-DRB3*02:02";1;"QKWDATATELNNALQ";0;0
"HLA-DRB3*02:02";1;"IEAAASAIQGNVTSI";0;0
"HLA-DRB1*07:01";1;"HSLLDEGKQSLTKLA";"LDEGKQSLT";5683.5
"HLA-DRB1*15:01";1;"GSGSEAYQGVQQKWD";"AYQGVQQKW";10099.6
"HLA-DRB3*02:02";1;"KWDATATELNNALQN";0;0
"HLA-DRB1*07:01";1;"EAYQGVQQKWDATAT";"YQGVQQKWD";5854.4
"HLA-DRB1*07:01";1;"TATELNNALQNLART";"LNNALQNLA";5893.8
"HLA-DRB3*02:02";1;"QQKWDATATELNNAL";0;0
"HLA-DRB3*02:02";1;"SLTKLAAAWGGSGSE";0;0
"HLA-DRB1*07:01";1;"IHSLLDEGKQSLTKL";"LDEGKQSLT";6419.4
"HLA-DRB1*15:01";1;"GVQQKWDATATELNN";"VQQKWDATA";10955.4
"HLA-DRB4*01:01";1;"VQQKWDATATELNNA";"WDATATELN";9064.5
"HLA-DRB4*01:01";1;"QQKWDATATELNNAL";"WDATATELN";8120.5
"HLA-DRB1*07:01";1;"AYQGVQQKWDATATE";"YQGVQQKWD";7104.2
"HLA-DRB4*01:01";1;"SEAGQAMASTEGNVT";"GQAMASTEG";7775.7
"HLA-DRB4*01:01";1;"EAGQAMASTEGNVTG";"GQAMASTEG";7758.6
"HLA-DRB4*01:01";1;"AGQAMASTEGNVTGM";"QAMASTEGN";7474
"HLA-DRB4*01:01";1;"GQAMASTEGNVTGMF";"GQAMASTEG";6574.6
"HLA-DRB4*01:01";1;"QAMASTEGNVTGMFA";"QAMASTEGN";8271.7
"HLA-DRB4*01:01";1;"TKLAAAWGGSGSEAY";"TKLAAAWGG";7192
"HLA-DRB3*02:02";1;"VQQKWDATATELNNA";0;0
"HLA-DRB1*07:01";1;"AAWGGSGSEAYQGVQ";"WGGSGSEAY";8033.1
"HLA-DRB3*02:02";1;"GVQQKWDATATELNN";0;0
"HLA-DRB1*07:01";1;"TSIHSLLDEGKQSLT";"LDEGKQSLT";7122.9
"HLA-DRB3*02:02";1;"QGVQQKWDATATELN";0;0
"HLA-DRB1*07:01";1;"AWGGSGSEAYQGVQQ";"WGGSGSEAY";8156.3
"HLA-DRB1*15:01";1;"VQQKWDATATELNNA";"VQQKWDATA";12206
"HLA-DRB4*01:01";1;"KLAAAWGGSGSEAYQ";"KLAAAWGGS";17139.1
"HLA-DRB1*07:01";1;"SIHSLLDEGKQSLTK";"LDEGKQSLT";7956.9
"HLA-DRB3*02:02";1;"TISEAGQAMASTEGN";0;0
"HLA-DRB3*02:02";1;"YQGVQQKWDATATEL";0;0
"HLA-DRB4*01:01";1;"LAAAWGGSGSEAYQG";"LAAAWGGSG";22285
"HLA-DRB4*01:01";1;"AAAWGGSGSEAYQGV";"SGSEAYQGV";15485.5
"HLA-DRB4*01:01";1;"AAWGGSGSEAYQGVQ";"SGSEAYQGV";11907.1
"HLA-DRB3*02:02";1;"QAMASTEGNVTGMFA";0;0
"HLA-DRB1*07:01";1;"WGGSGSEAYQGVQQK";"WGGSGSEAY";9007.8
"HLA-DRB3*02:02";1;"LTKLAAAWGGSGSEA";0;0
"HLA-DRB3*02:02";1;"GQAMASTEGNVTGMF";0;0
"HLA-DRB3*02:02";1;"EAYQGVQQKWDATAT";0;0
"HLA-DRB3*02:02";1;"SEAYQGVQQKWDATA";0;0
"HLA-DRB3*02:02";1;"AYQGVQQKWDATATE";0;0
"HLA-DRB3*02:02";1;"TKLAAAWGGSGSEAY";0;0
"HLA-DRB1*07:01";1;"GGSGSEAYQGVQQKW";"AYQGVQQKW";13559.3
"HLA-DRB3*02:02";1;"AGQAMASTEGNVTGM";0;0
"HLA-DRB1*15:01";1;"GGSGSEAYQGVQQKW";"AYQGVQQKW";12844.5
"HLA-DRB3*02:02";1;"GSEAYQGVQQKWDAT";0;0
"HLA-DRB3*02:02";1;"KLAAAWGGSGSEAYQ";0;0
"HLA-DRB3*02:02";1;"SGSEAYQGVQQKWDA";0;0
"HLA-DRB3*02:02";1;"EAGQAMASTEGNVTG";0;0
"HLA-DRB3*02:02";1;"GSGSEAYQGVQQKWD";0;0
"HLA-DRB3*02:02";1;"GGSGSEAYQGVQQKW";0;0
"HLA-DRB3*02:02";1;"SEAGQAMASTEGNVT";0;0
"HLA-DRB3*02:02";1;"ISEAGQAMASTEGNV";0;0
"HLA-DRB3*02:02";1;"AAAWGGSGSEAYQGV";0;0
"HLA-DRB3*02:02";1;"LAAAWGGSGSEAYQG";0;0
"HLA-DRB3*02:02";1;"WGGSGSEAYQGVQQK";0;0
"HLA-DRB3*02:02";1;"AAWGGSGSEAYQGVQ";0;0
"HLA-DRB3*02:02";1;"AWGGSGSEAYQGVQQ";0;0
"HLA-DRB1*03:01";1;"GGSGSEAYQGVQQKW";"AYQGVQQKW";38688.8
